8;redis;221;128;181;0;0;{'lgetxattr', 'rt_tgsigqueueinfo', 'delete_module', 'setgroups', 'mlock2', 'process_vm_readv', 'execveat', 'preadv', 'rt_sigpending', 'flistxattr', 'msgrcv', 'clock_settime', 'capget', 'fanotify_init', 'readlinkat', 'name_to_handle_at', 'select', 'recvfrom', 'sched_setattr', 'lookup_dcookie', 'unshare', 'perf_event_open', 'llistxattr', 'getppid', 'fadvise64', 'mkdirat', 'timerfd_settime', 'futimesat', 'memfd_create', 'waitid', 'personality', 'move_pages', 'setreuid', 'mlock', 'mq_unlink', 'lsetxattr', 'faccessat', 'get_mempolicy', 'alarm', 'fchdir', 'capset', 'fsetxattr', 'signalfd', 'setxattr', 'io_cancel', 'io_setup', 'pwritev', 'socketpair', 'sync', 'mknodat', 'removexattr', 'inotify_init1', 'setfsgid', 'lremovexattr', 'mlockall', 'ustat', 'remap_file_pages', 'lstat', 'timer_gettime', 'mq_notify', 'vfork', 'msgsnd', 'symlink', 'sethostname', 'symlinkat', 'pwritev2', 'migrate_pages', 'quotactl', 'epoll_pwait', 'msgctl', 'modify_ldt', 'semget', 'get_thread_area', 'statfs', 'sigaltstack', 'finit_module', 'pivot_root', 'io_submit', 'sendmmsg', 'add_key', 'readahead', 'pkey_free', 'link', 'times', 'pwrite64', 'splice', 'fgetxattr', 'clock_adjtime', 'tee', 'fork', 'fchown', 'copy_file_range', 'getgroups', 'syslog', 'getsid', 'epoll_create1', 'fchownat', 'sched_getattr', 'restart_syscall', 'request_key', 'set_thread_area', 'inotify_add_watch', 'msync', 'shmget', 'fstatfs', 'membarrier', 'ioprio_set', 'keyctl', 'utime', 'sched_setparam', 'bpf', 'tkill', 'lchown', 'mkdir', 'pipe2', 'fremovexattr', 'dup3', 'kcmp', 'reboot', 'getrandom', 'ptrace', 'setgid', 'rt_sigqueueinfo', 'ppoll', 'setregid', 'timer_create', 'chroot', 'mq_open', 'syncfs', 'getuid', 'semop', 'shmdt', 'seccomp', 'mbind', 'recvmmsg', 'pkey_alloc', 'settimeofday', 'semtimedop', 'rt_sigtimedwait', 'mq_timedreceive', 'mount', 'setresuid', 'init_module', 'process_vm_writev', 'umask', 'kexec_load', 'timer_settime', 'setdomainname', 'inotify_rm_watch', 'renameat2', 'renameat', 'rmdir', 'setresgid', 'getpriority', 'getpgrp', 'eventfd2', 'open_by_handle_at', 'linkat', 'timerfd_create', 'mq_timedsend', 'setuid', 'msgget', 'uselib', 'chown', 'pselect6', 'adjtimex', 'shmctl', 'shmat', 'setns', 'sysfs', 'getxattr', 'pause', 'iopl', 'mq_getsetattr', 'kexec_file_load', 'fanotify_mark', 'setpgid', 'io_destroy', 'setfsuid', 'inotify_init', 'vmsplice', 'semctl', 'eventfd', 'userfaultfd', 'sendfile', 'munlockall', 'getgid', 'ioprio_get', 'getegid', 'io_getevents', 'mincore', 'mknod', 'geteuid', 'munlock', 'accept4', 'timer_delete', 'statx', 'fchmodat', 'signalfd4', 'preadv2', 'utimes', 'vhangup', 'utimensat', 'swapoff', 'acct', 'getpgid', 'listxattr', 'sched_getaffinity', 'get_robust_list', 'pkey_mprotect', 'fchmod', 'sched_rr_get_interval', 'set_mempolicy', 'getitimer', 'swapon', 'timerfd_gettime', 'fallocate', 'getresgid', 'setpriority', 'timer_getoverrun', 'getresuid'}
10;mongo;177;105;158;0;0;{'lgetxattr', 'rt_tgsigqueueinfo', 'delete_module', 'setgroups', 'mlock2', 'process_vm_readv', 'execveat', 'preadv', 'rt_sigpending', 'flistxattr', 'msgrcv', 'clock_settime', 'capget', 'fanotify_init', 'readlinkat', 'name_to_handle_at', 'sched_setattr', 'lookup_dcookie', 'unshare', 'perf_event_open', 'llistxattr', 'getppid', 'mkdirat', 'futimesat', 'memfd_create', 'waitid', 'personality', 'move_pages', 'setreuid', 'mq_unlink', 'lsetxattr', 'faccessat', 'get_mempolicy', 'alarm', 'capset', 'fsetxattr', 'signalfd', 'setxattr', 'io_cancel', 'io_setup', 'pwritev', 'mknodat', 'removexattr', 'inotify_init1', 'setfsgid', 'lremovexattr', 'mlockall', 'ustat', 'remap_file_pages', 'mq_notify', 'timer_gettime', 'vfork', 'msgsnd', 'sethostname', 'symlinkat', 'pwritev2', 'migrate_pages', 'quotactl', 'epoll_pwait', 'msgctl', 'modify_ldt', 'semget', 'get_thread_area', 'finit_module', 'pivot_root', 'io_submit', 'add_key', 'readahead', 'pkey_free', 'splice', 'fgetxattr', 'clock_adjtime', 'tee', 'fork', 'fchown', 'copy_file_range', 'getgroups', 'syslog', 'getsid', 'fchownat', 'sched_getattr', 'restart_syscall', 'request_key', 'set_thread_area', 'inotify_add_watch', 'membarrier', 'ioprio_set', 'keyctl', 'bpf', 'tkill', 'lchown', 'fremovexattr', 'dup3', 'kcmp', 'reboot', 'ptrace', 'setgid', 'rt_sigqueueinfo', 'ppoll', 'setregid', 'timer_create', 'chroot', 'mq_open', 'syncfs', 'semop', 'setrlimit', 'seccomp', 'mbind', 'recvmmsg', 'pkey_alloc', 'settimeofday', 'semtimedop', 'mq_timedreceive', 'mount', 'init_module', 'process_vm_writev', 'kexec_load', 'timer_settime', 'setdomainname', 'inotify_rm_watch', 'renameat2', 'getcpu', 'renameat', 'getpriority', 'getpgrp', 'open_by_handle_at', 'linkat', 'mq_timedsend', 'setuid', 'msgget', 'uselib', 'chown', 'adjtimex', 'shmctl', 'setns', 'sysfs', 'getxattr', 'iopl', 'mq_getsetattr', 'kexec_file_load', 'fanotify_mark', 'setpgid', 'io_destroy', 'setfsuid', 'inotify_init', 'vmsplice', 'semctl', 'eventfd', 'userfaultfd', 'sendfile', 'munlockall', 'ioprio_get', 'io_getevents', 'mknod', 'accept4', 'timer_delete', 'statx', 'fchmodat', 'signalfd4', 'preadv2', 'utimes', 'vhangup', 'swapoff', 'acct', 'getpgid', 'listxattr', 'get_robust_list', 'pkey_mprotect', 'sched_rr_get_interval', 'set_mempolicy', 'getitimer', 'swapon', 'timerfd_gettime', 'getresgid', 'setpriority', 'timer_getoverrun', 'getresuid'}
14;postgres;163;95;148;0;0;{'settimeofday', 'getresgid', 'adjtimex', 'bpf', 'mount', 'eventfd', 'swapon', 'semtimedop', 'mq_notify', 'lchown', 'splice', 'getpgid', 'pkey_alloc', 'rt_sigpending', 'rt_sigtimedwait', 'futimesat', 'iopl', 'signalfd', 'mbind', 'semctl', 'sched_getattr', 'io_cancel', 'renameat2', 'io_destroy', 'acct', 'getxattr', 'semget', 'fanotify_mark', 'dup3', 'renameat', 'readahead', 'quotactl', 'set_mempolicy', 'pwritev', 'munlock', 'msgsnd', 'mkdirat', 'modify_ldt', 'setfsgid', 'mq_timedsend', 'io_getevents', 'semop', 'init_module', 'listxattr', 'get_robust_list', 'sched_setattr', 'pkey_free', 'syslog', 'inotify_init', 'mq_getsetattr', 'perf_event_open', 'mq_open', 'timer_delete', 'userfaultfd', 'vhangup', 'setreuid', 'tee', 'clock_settime', 'lremovexattr', 'open_by_handle_at', 'setgid', 'getresuid', 'getsid', 'getitimer', 'get_mempolicy', 'mq_unlink', 'alarm', 'sched_rr_get_interval', 'mincore', 'epoll_pwait', 'kcmp', 'pause', 'pwritev2', 'getpriority', 'linkat', 'eventfd2', 'lgetxattr', 'statx', 'mq_timedreceive', 'ioprio_get', 'seccomp', 'delete_module', 'get_thread_area', 'unshare', 'remap_file_pages', 'tkill', 'fanotify_init', 'migrate_pages', 'msgrcv', 'clock_adjtime', 'ustat', 'fchownat', 'epoll_create', 'set_thread_area', 'sigaltstack', 'uselib', 'mknod', 'preadv2', 'removexattr', 'execveat', 'getcpu', 'pivot_root', 'setuid', 'add_key', 'symlinkat', 'rt_tgsigqueueinfo', 'preadv', 'msync', 'fork', 'llistxattr', 'move_pages', 'utimes', 'sched_getaffinity', 'setdomainname', 'timerfd_gettime', 'fchmodat', 'restart_syscall', 'setxattr', 'setfsuid', 'flistxattr', 'mknodat', 'membarrier', 'swapoff', 'kexec_load', 'io_setup', 'sethostname', 'vfork', 'sysfs', 'mlock', 'vmsplice', 'timer_create', 'syncfs', 'truncate', 'finit_module', 'msgget', 'getpgrp', 'mlockall', 'munlockall', 'mlock2', 'lookup_dcookie', 'recvmmsg', 'setregid', 'pkey_mprotect', 'io_submit', 'timer_settime', 'copy_file_range', 'sendfile', 'times', 'setpriority', 'ptrace', 'msgctl', 'rt_sigqueueinfo', 'lsetxattr', 'timer_getoverrun', 'process_vm_readv', 'setpgid', 'reboot', 'kexec_file_load', 'ioprio_set', 'timer_gettime', 'personality', 'process_vm_writev', 'fchown'}
15;nginx;193;115;168;0;0;{'settimeofday', 'getresgid', 'adjtimex', 'utime', 'mount', 'bpf', 'ppoll', 'eventfd', 'swapon', 'semtimedop', 'inotify_init1', 'mq_notify', 'fstatfs', 'lchown', 'splice', 'getpgid', 'pkey_alloc', 'rt_sigpending', 'keyctl', 'rt_sigtimedwait', 'futimesat', 'iopl', 'signalfd', 'mbind', 'semctl', 'readlinkat', 'pipe', 'sched_setparam', 'fallocate', 'io_cancel', 'sched_getattr', 'renameat2', 'fchmod', 'acct', 'timerfd_create', 'getxattr', 'semget', 'fanotify_mark', 'dup3', 'sendmmsg', 'renameat', 'inotify_add_watch', 'readahead', 'fdatasync', 'quotactl', 'set_mempolicy', 'munlock', 'symlink', 'msgsnd', 'mkdirat', 'modify_ldt', 'getrusage', 'setresuid', 'setfsgid', 'mq_timedsend', 'semop', 'init_module', 'memfd_create', 'listxattr', 'get_robust_list', 'flock', 'sched_setattr', 'pkey_free', 'fgetxattr', 'syslog', 'inotify_init', 'mq_getsetattr', 'perf_event_open', 'sync', 'mq_open', 'timer_delete', 'userfaultfd', 'vhangup', 'setreuid', 'tee', 'clock_settime', 'lremovexattr', 'open_by_handle_at', 'getresuid', 'getsid', 'getitimer', 'get_mempolicy', 'mq_unlink', 'alarm', 'sched_rr_get_interval', 'mincore', 'epoll_pwait', 'kcmp', 'pause', 'pwritev2', 'getpriority', 'linkat', 'signalfd4', 'shmctl', 'lgetxattr', 'statx', 'mq_timedreceive', 'getpeername', 'ioprio_get', 'seccomp', 'delete_module', 'get_thread_area', 'unshare', 'fsync', 'remap_file_pages', 'tkill', 'fanotify_init', 'migrate_pages', 'msgrcv', 'clock_adjtime', 'ustat', 'fchownat', 'set_thread_area', 'sigaltstack', 'uselib', 'mknod', 'preadv2', 'removexattr', 'execveat', 'getcpu', 'pivot_root', 'add_key', 'symlinkat', 'rt_tgsigqueueinfo', 'fremovexattr', 'preadv', 'msync', 'epoll_create1', 'fork', 'llistxattr', 'move_pages', 'chroot', 'sched_getaffinity', 'setdomainname', 'timerfd_gettime', 'fchmodat', 'restart_syscall', 'setxattr', 'setfsuid', 'flistxattr', 'mknodat', 'membarrier', 'link', 'swapoff', 'kexec_load', 'waitid', 'sethostname', 'vfork', 'sysfs', 'mlock', 'vmsplice', 'name_to_handle_at', 'timer_create', 'syncfs', 'truncate', 'finit_module', 'msgget', 'getpgrp', 'mlockall', 'munlockall', 'mlock2', 'lookup_dcookie', 'recvmmsg', 'setregid', 'inotify_rm_watch', 'pipe2', 'pkey_mprotect', 'io_submit', 'timer_settime', 'timerfd_settime', 'copy_file_range', 'times', 'setresgid', 'capget', 'ptrace', 'msgctl', 'rt_sigqueueinfo', 'request_key', 'fsetxattr', 'setns', 'lsetxattr', 'timer_getoverrun', 'process_vm_readv', 'setpgid', 'reboot', 'kexec_file_load', 'sync_file_range', 'ioprio_set', 'timer_gettime', 'personality', 'process_vm_writev', 'fchdir', 'fchown'}
16;mysql;167;94;147;0;0;{'settimeofday', 'getresgid', 'adjtimex', 'bpf', 'mount', 'inotify_init1', 'eventfd', 'swapon', 'semtimedop', 'mq_notify', 'lchown', 'splice', 'getpgid', 'pkey_alloc', 'rt_sigpending', 'keyctl', 'futimesat', 'iopl', 'signalfd', 'semctl', 'readlinkat', 'sched_setparam', 'sched_getattr', 'io_cancel', 'renameat2', 'io_destroy', 'acct', 'timerfd_create', 'getxattr', 'semget', 'fanotify_mark', 'dup3', 'sendmmsg', 'renameat', 'inotify_add_watch', 'readahead', 'quotactl', 'pwritev', 'munlock', 'msgsnd', 'mkdirat', 'modify_ldt', 'setresuid', 'setfsgid', 'mq_timedsend', 'io_getevents', 'semop', 'init_module', 'memfd_create', 'listxattr', 'get_robust_list', 'flock', 'sched_setattr', 'pkey_free', 'fgetxattr', 'syslog', 'inotify_init', 'mq_getsetattr', 'perf_event_open', 'sync', 'mq_open', 'userfaultfd', 'vhangup', 'tee', 'clock_settime', 'lremovexattr', 'open_by_handle_at', 'getresuid', 'getsid', 'getitimer', 'mq_unlink', 'sched_rr_get_interval', 'mincore', 'epoll_pwait', 'kcmp', 'pause', 'pwritev2', 'linkat', 'signalfd4', 'lgetxattr', 'statx', 'mq_timedreceive', 'ioprio_get', 'seccomp', 'delete_module', 'get_thread_area', 'unshare', 'remap_file_pages', 'tkill', 'fanotify_init', 'migrate_pages', 'msgrcv', 'clock_adjtime', 'ustat', 'fchownat', 'set_thread_area', 'sigaltstack', 'uselib', 'mknod', 'preadv2', 'removexattr', 'execveat', 'pivot_root', 'add_key', 'symlinkat', 'rt_tgsigqueueinfo', 'fremovexattr', 'preadv', 'fork', 'llistxattr', 'move_pages', 'utimes', 'setdomainname', 'timerfd_gettime', 'fchmodat', 'restart_syscall', 'setxattr', 'setfsuid', 'flistxattr', 'mknodat', 'capset', 'membarrier', 'link', 'swapoff', 'kexec_load', 'waitid', 'io_setup', 'sethostname', 'vfork', 'sysfs', 'mlock', 'vmsplice', 'name_to_handle_at', 'syncfs', 'truncate', 'finit_module', 'sendmsg', 'msgget', 'getpgrp', 'munlockall', 'mlock2', 'lookup_dcookie', 'recvmmsg', 'inotify_rm_watch', 'pkey_mprotect', 'io_submit', 'timerfd_settime', 'copy_file_range', 'setresgid', 'ptrace', 'msgctl', 'rt_sigqueueinfo', 'request_key', 'fsetxattr', 'lsetxattr', 'timer_getoverrun', 'process_vm_readv', 'setpgid', 'reboot', 'kexec_file_load', 'sync_file_range', 'ioprio_set', 'timer_gettime', 'personality', 'process_vm_writev', 'fchdir', 'fchown'}
-1;httpd;191;108;161;0;0;{'settimeofday', 'getresgid', 'adjtimex', 'utime', 'mount', 'bpf', 'ppoll', 'eventfd', 'swapon', 'inotify_init1', 'getegid', 'mq_notify', 'fadvise64', 'getgroups', 'fstatfs', 'lchown', 'splice', 'pkey_alloc', 'rt_sigpending', 'keyctl', 'futimesat', 'iopl', 'signalfd', 'mbind', 'readlinkat', 'sched_setparam', 'fallocate', 'io_cancel', 'sched_getattr', 'renameat2', 'io_destroy', 'fchmod', 'acct', 'timerfd_create', 'getxattr', 'fanotify_mark', 'sendmmsg', 'faccessat', 'renameat', 'inotify_add_watch', 'readahead', 'quotactl', 'set_mempolicy', 'pwritev', 'munlock', 'getppid', 'symlink', 'msgsnd', 'mkdirat', 'modify_ldt', 'getrusage', 'setresuid', 'setfsgid', 'mq_timedsend', 'io_getevents', 'init_module', 'memfd_create', 'listxattr', 'get_robust_list', 'sched_setattr', 'pkey_free', 'fgetxattr', 'syslog', 'inotify_init', 'mq_getsetattr', 'perf_event_open', 'sync', 'mq_open', 'timer_delete', 'userfaultfd', 'vhangup', 'setreuid', 'tee', 'clock_settime', 'lremovexattr', 'open_by_handle_at', 'getresuid', 'getsid', 'getitimer', 'get_mempolicy', 'clock_nanosleep', 'mq_unlink', 'alarm', 'sched_rr_get_interval', 'mincore', 'epoll_pwait', 'kcmp', 'pause', 'pwritev2', 'getpriority', 'linkat', 'signalfd4', 'eventfd2', 'lgetxattr', 'statx', 'mq_timedreceive', 'ioprio_get', 'seccomp', 'delete_module', 'get_thread_area', 'unshare', 'remap_file_pages', 'tkill', 'fanotify_init', 'migrate_pages', 'msgrcv', 'clock_adjtime', 'nanosleep', 'ustat', 'fchownat', 'epoll_create', 'set_thread_area', 'sigaltstack', 'uselib', 'preadv2', 'removexattr', 'pwrite64', 'execveat', 'getcpu', 'pivot_root', 'add_key', 'symlinkat', 'rt_tgsigqueueinfo', 'fremovexattr', 'preadv', 'msync', 'fork', 'llistxattr', 'move_pages', 'socketpair', 'sched_getaffinity', 'setdomainname', 'timerfd_gettime', 'fchmodat', 'restart_syscall', 'setxattr', 'setfsuid', 'flistxattr', 'capset', 'membarrier', 'swapoff', 'kexec_load', 'waitid', 'io_setup', 'sethostname', 'accept', 'vfork', 'sysfs', 'mlock', 'vmsplice', 'name_to_handle_at', 'timer_create', 'syncfs', 'truncate', 'finit_module', 'sendmsg', 'msgget', 'mlockall', 'munlockall', 'mlock2', 'lookup_dcookie', 'recvmmsg', 'setregid', 'inotify_rm_watch', 'pipe2', 'pkey_mprotect', 'io_submit', 'timer_settime', 'timerfd_settime', 'copy_file_range', 'setresgid', 'capget', 'ptrace', 'setpriority', 'msgctl', 'rt_sigqueueinfo', 'request_key', 'fsetxattr', 'setns', 'lsetxattr', 'timer_getoverrun', 'process_vm_readv', 'setpgid', 'reboot', 'kexec_file_load', 'sync_file_range', 'ioprio_set', 'timer_gettime', 'personality', 'process_vm_writev', 'fchdir'}
26;memcached;202;115;168;0;0;{'settimeofday', 'getresgid', 'adjtimex', 'utime', 'mount', 'bpf', 'ppoll', 'eventfd', 'swapon', 'semtimedop', 'inotify_init1', 'mq_notify', 'fadvise64', 'getgroups', 'fstatfs', 'lchown', 'splice', 'getpgid', 'pkey_alloc', 'rt_sigpending', 'keyctl', 'rt_sigtimedwait', 'futimesat', 'iopl', 'signalfd', 'mbind', 'semctl', 'readlinkat', 'sched_setparam', 'fallocate', 'io_cancel', 'sched_getattr', 'renameat2', 'io_destroy', 'acct', 'fchmod', 'getxattr', 'semget', 'rmdir', 'fanotify_mark', 'dup3', 'faccessat', 'renameat', 'sendmmsg', 'inotify_add_watch', 'readahead', 'fdatasync', 'quotactl', 'set_mempolicy', 'pwritev', 'munlock', 'getppid', 'symlink', 'msgsnd', 'mkdirat', 'modify_ldt', 'setresuid', 'setfsgid', 'mq_timedsend', 'io_getevents', 'semop', 'init_module', 'memfd_create', 'listxattr', 'get_robust_list', 'flock', 'sched_setattr', 'pkey_free', 'fgetxattr', 'syslog', 'inotify_init', 'mq_getsetattr', 'perf_event_open', 'sync', 'mq_open', 'timer_delete', 'userfaultfd', 'vhangup', 'setreuid', 'tee', 'clock_settime', 'lremovexattr', 'open_by_handle_at', 'getresuid', 'getsid', 'getitimer', 'get_mempolicy', 'mq_unlink', 'alarm', 'sched_rr_get_interval', 'mincore', 'epoll_pwait', 'kcmp', 'pause', 'pwritev2', 'getpriority', 'linkat', 'signalfd4', 'shmctl', 'lgetxattr', 'statx', 'utimensat', 'mq_timedreceive', 'ioprio_get', 'seccomp', 'delete_module', 'get_thread_area', 'unshare', 'fsync', 'remap_file_pages', 'tkill', 'fanotify_init', 'migrate_pages', 'msgrcv', 'clock_adjtime', 'ustat', 'fchownat', 'set_thread_area', 'sigaltstack', 'uselib', 'mknod', 'preadv2', 'removexattr', 'execveat', 'getcpu', 'pivot_root', 'add_key', 'symlinkat', 'rt_tgsigqueueinfo', 'fremovexattr', 'fork', 'llistxattr', 'move_pages', 'chroot', 'utimes', 'chmod', 'setdomainname', 'sched_getaffinity', 'timerfd_gettime', 'fchmodat', 'mkdir', 'setxattr', 'restart_syscall', 'setfsuid', 'flistxattr', 'mknodat', 'capset', 'membarrier', 'wait4', 'link', 'swapoff', 'kexec_load', 'waitid', 'io_setup', 'sethostname', 'vfork', 'sysfs', 'mlock', 'vmsplice', 'name_to_handle_at', 'timer_create', 'syncfs', 'truncate', 'finit_module', 'msgget', 'getpgrp', 'sched_yield', 'munlockall', 'mlock2', 'lookup_dcookie', 'recvmmsg', 'setregid', 'inotify_rm_watch', 'pkey_mprotect', 'io_submit', 'timer_settime', 'copy_file_range', 'times', 'setresgid', 'capget', 'ptrace', 'setpriority', 'chown', 'msgctl', 'rt_sigqueueinfo', 'request_key', 'fsetxattr', 'setns', 'lsetxattr', 'timer_getoverrun', 'process_vm_readv', 'setpgid', 'reboot', 'kexec_file_load', 'sync_file_range', 'ioprio_set', 'statfs', 'timer_gettime', 'personality', 'process_vm_writev', 'fchdir', 'fchown'}
13;node;167;103;156;0;0;{'settimeofday', 'getresgid', 'adjtimex', 'utime', 'mount', 'bpf', 'ppoll', 'swapon', 'semtimedop', 'mq_notify', 'splice', 'getpgid', 'pkey_alloc', 'rt_sigpending', 'keyctl', 'rt_sigtimedwait', 'futimesat', 'iopl', 'signalfd', 'mbind', 'semctl', 'readlinkat', 'pipe', 'sched_setparam', 'fallocate', 'io_cancel', 'sched_getattr', 'renameat2', 'io_destroy', 'acct', 'timerfd_create', 'getxattr', 'semget', 'fanotify_mark', 'renameat', 'readahead', 'quotactl', 'set_mempolicy', 'munlock', 'msgsnd', 'mkdirat', 'modify_ldt', 'setfsgid', 'mq_timedsend', 'io_getevents', 'semop', 'init_module', 'memfd_create', 'listxattr', 'get_robust_list', 'flock', 'sched_setattr', 'pkey_free', 'fgetxattr', 'syslog', 'mq_getsetattr', 'perf_event_open', 'sync', 'mq_open', 'timer_delete', 'userfaultfd', 'vhangup', 'setreuid', 'tee', 'clock_settime', 'lremovexattr', 'open_by_handle_at', 'getresuid', 'getsid', 'getitimer', 'get_mempolicy', 'mq_unlink', 'alarm', 'sched_rr_get_interval', 'mincore', 'kcmp', 'pause', 'pwritev2', 'linkat', 'signalfd4', 'shmctl', 'lgetxattr', 'mq_timedreceive', 'ioprio_get', 'seccomp', 'delete_module', 'get_thread_area', 'unshare', 'remap_file_pages', 'tkill', 'fanotify_init', 'migrate_pages', 'msgrcv', 'clock_adjtime', 'ustat', 'fchownat', 'set_thread_area', 'sigaltstack', 'uselib', 'mknod', 'preadv2', 'removexattr', 'execveat', 'getcpu', 'pivot_root', 'add_key', 'symlinkat', 'rt_tgsigqueueinfo', 'fremovexattr', 'fork', 'llistxattr', 'move_pages', 'chroot', 'utimes', 'setdomainname', 'timerfd_gettime', 'fchmodat', 'restart_syscall', 'setxattr', 'setfsuid', 'flistxattr', 'mknodat', 'capset', 'membarrier', 'swapoff', 'kexec_load', 'waitid', 'io_setup', 'sethostname', 'vfork', 'sysfs', 'vmsplice', 'name_to_handle_at', 'timer_create', 'syncfs', 'truncate', 'finit_module', 'msgget', 'getpgrp', 'mlockall', 'munlockall', 'lookup_dcookie', 'setregid', 'pkey_mprotect', 'io_submit', 'timer_settime', 'timerfd_settime', 'times', 'capget', 'ptrace', 'msgctl', 'rt_sigqueueinfo', 'request_key', 'fsetxattr', 'setns', 'lsetxattr', 'timer_getoverrun', 'process_vm_readv', 'setpgid', 'reboot', 'kexec_file_load', 'sync_file_range', 'ioprio_set', 'timer_gettime', 'personality', 'process_vm_writev', 'fchdir'}
18;registry;218;104;157;0;0;{'settimeofday', 'getresgid', 'adjtimex', 'utime', 'mount', 'bpf', 'sched_setaffinity', 'ppoll', 'eventfd', 'swapon', 'semtimedop', 'getegid', 'inotify_init1', 'mq_notify', 'fadvise64', 'getgroups', 'fstatfs', 'lchown', 'getpgid', 'sched_get_priority_min', 'pkey_alloc', 'rt_sigpending', 'sched_setscheduler', 'keyctl', 'rt_sigtimedwait', 'futimesat', 'iopl', 'signalfd', 'mbind', 'semctl', 'readlink', 'sched_setparam', 'fallocate', 'io_cancel', 'sched_getattr', 'renameat2', 'io_destroy', 'shmat', 'acct', 'timerfd_create', 'getxattr', 'clock_getres', 'semget', 'rmdir', 'fanotify_mark', 'dup3', 'sendmmsg', 'pselect6', 'inotify_add_watch', 'readahead', 'fdatasync', 'quotactl', 'set_mempolicy', 'pwritev', 'munlock', 'symlink', 'msgsnd', 'stat', 'setresuid', 'getrusage', 'modify_ldt', 'setfsgid', 'shmget', 'mq_timedsend', 'io_getevents', 'semop', 'init_module', 'rename', 'lstat', 'memfd_create', 'listxattr', 'get_robust_list', 'flock', 'sched_setattr', 'pkey_free', 'fgetxattr', 'syslog', 'inotify_init', 'mq_getsetattr', 'perf_event_open', 'sync', 'mq_open', 'timer_delete', 'sched_get_priority_max', 'userfaultfd', 'vhangup', 'shmdt', 'setreuid', 'epoll_wait', 'tee', 'clock_settime', 'lremovexattr', 'open_by_handle_at', 'getresuid', 'sched_getparam', 'getsid', 'getitimer', 'get_mempolicy', 'clock_nanosleep', 'mq_unlink', 'alarm', 'sched_rr_get_interval', 'kcmp', 'pause', 'pwritev2', 'mprotect', 'getpriority', 'linkat', 'signalfd4', 'eventfd2', 'shmctl', 'lgetxattr', 'statx', 'utimensat', 'mq_timedreceive', 'ioprio_get', 'seccomp', 'setrlimit', 'delete_module', 'get_thread_area', 'remap_file_pages', 'fanotify_init', 'migrate_pages', 'msgrcv', 'clock_adjtime', 'ustat', 'fchownat', 'set_thread_area', 'uselib', 'mknod', 'preadv2', 'removexattr', 'execveat', 'getcpu', 'pivot_root', 'add_key', 'time', 'symlinkat', 'fremovexattr', 'preadv', 'msync', 'rt_tgsigqueueinfo', 'geteuid', 'fork', 'llistxattr', 'move_pages', 'socketpair', 'creat', 'utimes', 'chmod', 'setdomainname', 'timerfd_gettime', 'sysinfo', 'sched_getscheduler', 'mkdir', 'setxattr', 'restart_syscall', 'prlimit64', 'setfsuid', 'flistxattr', 'mknodat', 'capset', 'membarrier', 'link', 'select', 'swapoff', 'kexec_load', 'io_setup', 'sethostname', 'unlink', 'vfork', 'sysfs', 'mlock', 'vmsplice', 'name_to_handle_at', 'timer_create', 'syncfs', 'truncate', 'finit_module', 'msgget', 'getpgrp', 'mlockall', 'access', 'munlockall', 'mlock2', 'lookup_dcookie', 'recvmmsg', 'setregid', 'inotify_rm_watch', 'pkey_mprotect', 'io_submit', 'timer_settime', 'timerfd_settime', 'copy_file_range', 'times', 'umask', 'setresgid', 'capget', 'setpriority', 'chown', 'msgctl', 'rt_sigqueueinfo', 'request_key', 'fsetxattr', 'setns', 'getdents', 'lsetxattr', 'rt_sigsuspend', 'timer_getoverrun', 'process_vm_readv', 'reboot', 'kexec_file_load', 'sync_file_range', 'ioprio_set', 'statfs', 'timer_gettime', 'personality', 'process_vm_writev'}
19;traefik;212;101;154;0;0;{'settimeofday', 'getresgid', 'adjtimex', 'utime', 'mount', 'bpf', 'sched_setaffinity', 'ppoll', 'eventfd', 'swapon', 'semtimedop', 'getegid', 'inotify_init1', 'mq_notify', 'fadvise64', 'getgroups', 'fstatfs', 'lchown', 'getpgid', 'sched_get_priority_min', 'pkey_alloc', 'rt_sigpending', 'sched_setscheduler', 'keyctl', 'rt_sigtimedwait', 'futimesat', 'iopl', 'signalfd', 'mbind', 'semctl', 'readlink', 'sched_setparam', 'fallocate', 'io_cancel', 'sched_getattr', 'renameat2', 'io_destroy', 'shmat', 'acct', 'timerfd_create', 'getxattr', 'clock_getres', 'semget', 'rmdir', 'fanotify_mark', 'sendmmsg', 'pselect6', 'inotify_add_watch', 'readahead', 'fdatasync', 'quotactl', 'set_mempolicy', 'pwritev', 'munlock', 'symlink', 'msgsnd', 'stat', 'setresuid', 'modify_ldt', 'setfsgid', 'shmget', 'mq_timedsend', 'io_getevents', 'semop', 'init_module', 'rename', 'lstat', 'memfd_create', 'listxattr', 'get_robust_list', 'flock', 'sched_setattr', 'pkey_free', 'fgetxattr', 'syslog', 'inotify_init', 'mq_getsetattr', 'perf_event_open', 'sync', 'mq_open', 'timer_delete', 'sched_get_priority_max', 'userfaultfd', 'vhangup', 'shmdt', 'setreuid', 'epoll_wait', 'tee', 'clock_settime', 'lremovexattr', 'open_by_handle_at', 'getresuid', 'sched_getparam', 'getsid', 'getitimer', 'get_mempolicy', 'clock_nanosleep', 'mq_unlink', 'alarm', 'sched_rr_get_interval', 'kcmp', 'pause', 'pwritev2', 'mprotect', 'getpriority', 'linkat', 'signalfd4', 'eventfd2', 'shmctl', 'lgetxattr', 'statx', 'utimensat', 'mq_timedreceive', 'ioprio_get', 'seccomp', 'setrlimit', 'delete_module', 'get_thread_area', 'remap_file_pages', 'fanotify_init', 'migrate_pages', 'msgrcv', 'clock_adjtime', 'ustat', 'fchownat', 'set_thread_area', 'uselib', 'mknod', 'preadv2', 'removexattr', 'execveat', 'getcpu', 'pivot_root', 'add_key', 'time', 'symlinkat', 'fremovexattr', 'preadv', 'msync', 'rt_tgsigqueueinfo', 'geteuid', 'fork', 'llistxattr', 'move_pages', 'socketpair', 'creat', 'utimes', 'chmod', 'setdomainname', 'timerfd_gettime', 'sysinfo', 'sched_getscheduler', 'mkdir', 'setxattr', 'restart_syscall', 'prlimit64', 'setfsuid', 'flistxattr', 'mknodat', 'membarrier', 'getgid', 'link', 'select', 'swapoff', 'kexec_load', 'io_setup', 'sethostname', 'unlink', 'vfork', 'sysfs', 'vmsplice', 'name_to_handle_at', 'timer_create', 'syncfs', 'finit_module', 'msgget', 'getpgrp', 'mlockall', 'access', 'munlockall', 'mlock2', 'lookup_dcookie', 'recvmmsg', 'setregid', 'inotify_rm_watch', 'pkey_mprotect', 'io_submit', 'timer_settime', 'timerfd_settime', 'times', 'umask', 'setresgid', 'setpriority', 'chown', 'msgctl', 'rt_sigqueueinfo', 'request_key', 'fsetxattr', 'setns', 'getdents', 'lsetxattr', 'rt_sigsuspend', 'timer_getoverrun', 'process_vm_readv', 'reboot', 'kexec_file_load', 'sync_file_range', 'ioprio_set', 'statfs', 'timer_gettime', 'personality', 'process_vm_writev'}
24;mariadb;148;92;145;0;0;{'settimeofday', 'getresgid', 'adjtimex', 'bpf', 'eventfd', 'swapon', 'semtimedop', 'mq_notify', 'lchown', 'splice', 'getpgid', 'pkey_alloc', 'rt_sigpending', 'futimesat', 'iopl', 'signalfd', 'mbind', 'semctl', 'sched_getattr', 'io_cancel', 'renameat2', 'acct', 'getxattr', 'semget', 'fanotify_mark', 'sendmmsg', 'renameat', 'readahead', 'quotactl', 'set_mempolicy', 'pwritev', 'munlock', 'msgsnd', 'mkdirat', 'modify_ldt', 'setfsgid', 'mq_timedsend', 'semop', 'init_module', 'listxattr', 'get_robust_list', 'flock', 'sched_setattr', 'pkey_free', 'fgetxattr', 'syslog', 'inotify_init', 'mq_getsetattr', 'perf_event_open', 'sync', 'mq_open', 'timer_delete', 'userfaultfd', 'vhangup', 'tee', 'clock_settime', 'lremovexattr', 'open_by_handle_at', 'getresuid', 'getsid', 'getitimer', 'get_mempolicy', 'mq_unlink', 'sched_rr_get_interval', 'mincore', 'epoll_pwait', 'kcmp', 'pause', 'pwritev2', 'linkat', 'eventfd2', 'shmctl', 'lgetxattr', 'statx', 'mq_timedreceive', 'ioprio_get', 'seccomp', 'delete_module', 'get_thread_area', 'unshare', 'remap_file_pages', 'tkill', 'fanotify_init', 'migrate_pages', 'msgrcv', 'clock_adjtime', 'ustat', 'fchownat', 'set_thread_area', 'sigaltstack', 'uselib', 'mknod', 'preadv2', 'removexattr', 'execveat', 'getcpu', 'pivot_root', 'add_key', 'symlinkat', 'rt_tgsigqueueinfo', 'fremovexattr', 'preadv', 'fork', 'llistxattr', 'move_pages', 'utimes', 'setdomainname', 'timerfd_gettime', 'restart_syscall', 'setxattr', 'setfsuid', 'flistxattr', 'mknodat', 'capset', 'membarrier', 'swapoff', 'kexec_load', 'sethostname', 'vfork', 'sysfs', 'vmsplice', 'timer_create', 'syncfs', 'finit_module', 'msgget', 'getpgrp', 'munlockall', 'mlock2', 'lookup_dcookie', 'recvmmsg', 'pkey_mprotect', 'timer_settime', 'copy_file_range', 'capget', 'ptrace', 'msgctl', 'lsetxattr', 'timer_getoverrun', 'process_vm_readv', 'setpgid', 'reboot', 'kexec_file_load', 'sync_file_range', 'ioprio_set', 'timer_gettime', 'personality', 'process_vm_writev', 'fchown'}
41;nextcloud;155;97;150;0;0;{'settimeofday', 'adjtimex', 'bpf', 'mount', 'ppoll', 'eventfd', 'swapon', 'inotify_init1', 'mq_notify', 'splice', 'pkey_alloc', 'keyctl', 'futimesat', 'iopl', 'signalfd', 'mbind', 'readlinkat', 'sched_getattr', 'io_cancel', 'renameat2', 'io_destroy', 'acct', 'timerfd_create', 'getxattr', 'fanotify_mark', 'renameat', 'inotify_add_watch', 'readahead', 'quotactl', 'set_mempolicy', 'pwritev', 'munlock', 'msgsnd', 'mkdirat', 'modify_ldt', 'setfsgid', 'mq_timedsend', 'io_getevents', 'init_module', 'memfd_create', 'listxattr', 'get_robust_list', 'sched_setattr', 'pkey_free', 'fgetxattr', 'syslog', 'inotify_init', 'mq_getsetattr', 'perf_event_open', 'mq_open', 'timer_delete', 'userfaultfd', 'vhangup', 'setreuid', 'tee', 'clock_settime', 'lremovexattr', 'open_by_handle_at', 'getitimer', 'get_mempolicy', 'mq_unlink', 'sched_rr_get_interval', 'mincore', 'epoll_pwait', 'kcmp', 'pause', 'pwritev2', 'linkat', 'signalfd4', 'lgetxattr', 'statx', 'mq_timedreceive', 'ioprio_get', 'seccomp', 'delete_module', 'get_thread_area', 'remap_file_pages', 'tkill', 'fanotify_init', 'migrate_pages', 'msgrcv', 'clock_adjtime', 'ustat', 'fchownat', 'epoll_create', 'set_thread_area', 'sigaltstack', 'uselib', 'preadv2', 'removexattr', 'execveat', 'getcpu', 'pivot_root', 'add_key', 'symlinkat', 'rt_tgsigqueueinfo', 'fremovexattr', 'preadv', 'msync', 'fork', 'llistxattr', 'move_pages', 'setdomainname', 'timerfd_gettime', 'fchmodat', 'restart_syscall', 'setxattr', 'setfsuid', 'flistxattr', 'capset', 'membarrier', 'swapoff', 'kexec_load', 'waitid', 'io_setup', 'sethostname', 'vfork', 'sysfs', 'mlock', 'vmsplice', 'name_to_handle_at', 'timer_create', 'syncfs', 'truncate', 'finit_module', 'msgget', 'mlockall', 'munlockall', 'mlock2', 'lookup_dcookie', 'recvmmsg', 'setregid', 'inotify_rm_watch', 'pkey_mprotect', 'io_submit', 'timer_settime', 'timerfd_settime', 'copy_file_range', 'capget', 'ptrace', 'msgctl', 'rt_sigqueueinfo', 'request_key', 'fsetxattr', 'setns', 'lsetxattr', 'timer_getoverrun', 'process_vm_readv', 'reboot', 'kexec_file_load', 'sync_file_range', 'ioprio_set', 'timer_gettime', 'personality', 'process_vm_writev'}
45;logstash;247;104;157;0;0;{'settimeofday', 'getresgid', 'adjtimex', 'utime', 'mount', 'bpf', 'sched_setaffinity', 'ppoll', 'eventfd', 'swapon', 'semtimedop', 'getegid', 'inotify_init1', 'mq_notify', 'fadvise64', 'getgroups', 'fstatfs', 'splice', 'getpgid', 'pkey_alloc', 'rt_sigpending', 'keyctl', 'rt_sigtimedwait', 'futimesat', 'iopl', 'getuid', 'mbind', 'signalfd', 'semctl', 'readlinkat', 'pipe', 'sched_setparam', 'sched_getattr', 'io_cancel', 'ftruncate', 'io_destroy', 'renameat2', 'shmat', 'acct', 'timerfd_create', 'getxattr', 'semget', 'fanotify_mark', 'dup3', 'faccessat', 'sendmmsg', 'pselect6', 'mremap', 'getsockname', 'inotify_add_watch', 'readahead', 'fdatasync', 'quotactl', 'set_mempolicy', 'pwritev', 'munlock', 'getppid', 'msgsnd', 'mkdirat', 'listen', 'setresuid', 'getrusage', 'modify_ldt', 'setfsgid', 'shmget', 'mq_timedsend', 'io_getevents', 'semop', 'init_module', 'getsockopt', 'listxattr', 'get_robust_list', 'flock', 'sched_setattr', 'pkey_free', 'fgetxattr', 'syslog', 'inotify_init', 'mq_getsetattr', 'perf_event_open', 'sync', 'mq_open', 'timer_delete', 'userfaultfd', 'recvmsg', 'vhangup', 'sendto', 'shmdt', 'setreuid', 'epoll_wait', 'tee', 'clock_settime', 'lremovexattr', 'open_by_handle_at', 'shutdown', 'setgid', 'getresuid', 'getsid', 'getitimer', 'clock_nanosleep', 'mq_unlink', 'poll', 'alarm', 'sched_rr_get_interval', 'mincore', 'epoll_pwait', 'kcmp', 'pause', 'pwritev2', 'accept4', 'getpriority', 'setsid', 'linkat', 'signalfd4', 'eventfd2', 'shmctl', 'lgetxattr', 'setsockopt', 'statx', 'utimensat', 'mq_timedreceive', 'getpeername', 'socket', 'ioprio_get', 'seccomp', 'setrlimit', 'delete_module', 'get_thread_area', 'unshare', 'fsync', 'remap_file_pages', 'tkill', 'fanotify_init', 'migrate_pages', 'msgrcv', 'clock_adjtime', 'nanosleep', 'recvfrom', 'ustat', 'fchownat', 'epoll_create', 'set_thread_area', 'sigaltstack', 'uselib', 'preadv2', 'removexattr', 'pwrite64', 'setgroups', 'execveat', 'pivot_root', 'getrandom', 'setuid', 'bind', 'add_key', 'time', 'symlinkat', 'fremovexattr', 'preadv', 'msync', 'epoll_create1', 'rt_tgsigqueueinfo', 'geteuid', 'fork', 'llistxattr', 'move_pages', 'socketpair', 'chroot', 'readv', 'sched_getaffinity', 'setdomainname', 'timerfd_gettime', 'fchmodat', 'ioctl', 'setxattr', 'restart_syscall', 'setfsuid', 'flistxattr', 'mknodat', 'capset', 'membarrier', 'wait4', 'epoll_ctl', 'getgid', 'swapoff', 'select', 'kexec_load', 'waitid', 'io_setup', 'sethostname', 'accept', 'vfork', 'sysfs', 'mlock', 'vmsplice', 'name_to_handle_at', 'timer_create', 'syncfs', 'truncate', 'finit_module', 'sendmsg', 'msgget', 'getpgrp', 'mlockall', 'sched_yield', 'munlockall', 'mlock2', 'lookup_dcookie', 'recvmmsg', 'chdir', 'setregid', 'inotify_rm_watch', 'pipe2', 'pkey_mprotect', 'io_submit', 'timer_settime', 'timerfd_settime', 'copy_file_range', 'sendfile', 'times', 'umask', 'setresgid', 'capget', 'ptrace', 'setpriority', 'clone', 'msgctl', 'rt_sigqueueinfo', 'dup', 'request_key', 'fsetxattr', 'setns', 'lsetxattr', 'timer_getoverrun', 'gettimeofday', 'process_vm_readv', 'setpgid', 'reboot', 'kexec_file_load', 'dup2', 'connect', 'ioprio_set', 'statfs', 'timer_gettime', 'sync_file_range', 'personality', 'process_vm_writev', 'fchdir'}
47;telegraf;198;121;174;0;0;{'settimeofday', 'getresgid', 'adjtimex', 'utime', 'mount', 'ppoll', 'eventfd', 'swapon', 'semtimedop', 'getegid', 'inotify_init1', 'mq_notify', 'fadvise64', 'getgroups', 'fstatfs', 'lchown', 'getpgid', 'pkey_alloc', 'rt_sigpending', 'keyctl', 'rt_sigtimedwait', 'futimesat', 'iopl', 'signalfd', 'mbind', 'semctl', 'sched_setparam', 'fallocate', 'io_cancel', 'sched_getattr', 'renameat2', 'io_destroy', 'shmat', 'acct', 'timerfd_create', 'getxattr', 'semget', 'rmdir', 'fanotify_mark', 'dup3', 'sendmmsg', 'pselect6', 'mremap', 'inotify_add_watch', 'readahead', 'fdatasync', 'quotactl', 'set_mempolicy', 'pwritev', 'munlock', 'symlink', 'msgsnd', 'modify_ldt', 'setresuid', 'getrusage', 'setfsgid', 'shmget', 'mq_timedsend', 'io_getevents', 'semop', 'init_module', 'rename', 'lstat', 'memfd_create', 'listxattr', 'get_robust_list', 'flock', 'sched_setattr', 'pkey_free', 'fgetxattr', 'syslog', 'inotify_init', 'mq_getsetattr', 'perf_event_open', 'sync', 'mq_open', 'timer_delete', 'userfaultfd', 'vhangup', 'shmdt', 'setreuid', 'epoll_wait', 'tee', 'clock_settime', 'lremovexattr', 'open_by_handle_at', 'getresuid', 'getsid', 'getitimer', 'get_mempolicy', 'mq_unlink', 'alarm', 'sched_rr_get_interval', 'kcmp', 'pause', 'pwritev2', 'getpriority', 'linkat', 'signalfd4', 'eventfd2', 'shmctl', 'lgetxattr', 'statx', 'utimensat', 'mq_timedreceive', 'ioprio_get', 'seccomp', 'setrlimit', 'delete_module', 'get_thread_area', 'remap_file_pages', 'tkill', 'fanotify_init', 'migrate_pages', 'msgrcv', 'clock_adjtime', 'ustat', 'fchownat', 'set_thread_area', 'uselib', 'mknod', 'preadv2', 'removexattr', 'execveat', 'getcpu', 'pivot_root', 'add_key', 'rt_tgsigqueueinfo', 'fremovexattr', 'preadv', 'msync', 'geteuid', 'fork', 'llistxattr', 'move_pages', 'socketpair', 'utimes', 'chmod', 'setdomainname', 'timerfd_gettime', 'mkdir', 'setxattr', 'restart_syscall', 'setfsuid', 'flistxattr', 'mknodat', 'capset', 'membarrier', 'link', 'select', 'swapoff', 'kexec_load', 'io_setup', 'sethostname', 'unlink', 'vfork', 'sysfs', 'vmsplice', 'name_to_handle_at', 'timer_create', 'syncfs', 'finit_module', 'msgget', 'getpgrp', 'mlockall', 'munlockall', 'mlock2', 'lookup_dcookie', 'recvmmsg', 'setregid', 'inotify_rm_watch', 'pkey_mprotect', 'io_submit', 'timer_settime', 'timerfd_settime', 'copy_file_range', 'times', 'umask', 'setresgid', 'capget', 'setpriority', 'chown', 'msgctl', 'rt_sigqueueinfo', 'request_key', 'fsetxattr', 'setns', 'lsetxattr', 'timer_getoverrun', 'gettimeofday', 'process_vm_readv', 'reboot', 'kexec_file_load', 'sync_file_range', 'ioprio_set', 'timer_gettime', 'personality', 'process_vm_writev'}
49;ghost;168;88;141;0;0;{'settimeofday', 'getresgid', 'adjtimex', 'utime', 'mount', 'bpf', 'ppoll', 'swapon', 'semtimedop', 'mq_notify', 'splice', 'getpgid', 'pkey_alloc', 'rt_sigpending', 'keyctl', 'rt_sigtimedwait', 'futimesat', 'iopl', 'signalfd', 'mbind', 'semctl', 'readlinkat', 'pipe', 'sched_setparam', 'fallocate', 'io_cancel', 'sched_getattr', 'renameat2', 'io_destroy', 'acct', 'timerfd_create', 'getxattr', 'semget', 'fanotify_mark', 'renameat', 'readahead', 'quotactl', 'set_mempolicy', 'munlock', 'msgsnd', 'mkdirat', 'modify_ldt', 'setfsgid', 'mq_timedsend', 'io_getevents', 'semop', 'init_module', 'memfd_create', 'listxattr', 'get_robust_list', 'flock', 'sched_setattr', 'pkey_free', 'fgetxattr', 'syslog', 'mq_getsetattr', 'perf_event_open', 'sync', 'mq_open', 'timer_delete', 'userfaultfd', 'vhangup', 'setreuid', 'tee', 'clock_settime', 'lremovexattr', 'open_by_handle_at', 'getresuid', 'getsid', 'getitimer', 'get_mempolicy', 'mq_unlink', 'alarm', 'sched_rr_get_interval', 'mincore', 'kcmp', 'pause', 'pwritev2', 'linkat', 'signalfd4', 'shmctl', 'lgetxattr', 'mq_timedreceive', 'ioprio_get', 'seccomp', 'delete_module', 'get_thread_area', 'unshare', 'remap_file_pages', 'tkill', 'fanotify_init', 'migrate_pages', 'msgrcv', 'clock_adjtime', 'ustat', 'fchownat', 'set_thread_area', 'sigaltstack', 'uselib', 'mknod', 'preadv2', 'removexattr', 'execveat', 'getcpu', 'pivot_root', 'add_key', 'symlinkat', 'rt_tgsigqueueinfo', 'fremovexattr', 'fork', 'llistxattr', 'move_pages', 'chroot', 'utimes', 'sched_getaffinity', 'setdomainname', 'timerfd_gettime', 'fchmodat', 'restart_syscall', 'setxattr', 'setfsuid', 'flistxattr', 'mknodat', 'capset', 'membarrier', 'swapoff', 'kexec_load', 'waitid', 'io_setup', 'sethostname', 'vfork', 'sysfs', 'vmsplice', 'name_to_handle_at', 'timer_create', 'syncfs', 'truncate', 'finit_module', 'msgget', 'getpgrp', 'mlockall', 'munlockall', 'lookup_dcookie', 'setregid', 'pkey_mprotect', 'io_submit', 'timer_settime', 'timerfd_settime', 'times', 'capget', 'ptrace', 'msgctl', 'rt_sigqueueinfo', 'request_key', 'fsetxattr', 'setns', 'lsetxattr', 'timer_getoverrun', 'process_vm_readv', 'setpgid', 'reboot', 'kexec_file_load', 'sync_file_range', 'ioprio_set', 'timer_gettime', 'personality', 'process_vm_writev', 'fchdir'}
