8;redis;164;128;181;0;0;{'rt_tgsigqueueinfo', 'delete_module', 'mlock2', 'process_vm_readv', 'execveat', 'preadv', 'rt_sigpending', 'clock_settime', 'msgrcv', 'fanotify_init', 'name_to_handle_at', 'select', 'sched_setattr', 'lookup_dcookie', 'unshare', 'perf_event_open', 'fadvise64', 'mkdirat', 'timerfd_settime', 'futimesat', 'memfd_create', 'waitid', 'personality', 'move_pages', 'setreuid', 'mlock', 'mq_unlink', 'get_mempolicy', 'signalfd', 'io_cancel', 'pwritev', 'socketpair', 'sync', 'mknodat', 'inotify_init1', 'setfsgid', 'mlockall', 'ustat', 'remap_file_pages', 'mq_notify', 'timer_gettime', 'symlink', 'msgsnd', 'sethostname', 'symlinkat', 'pwritev2', 'migrate_pages', 'quotactl', 'msgctl', 'modify_ldt', 'get_thread_area', 'finit_module', 'pivot_root', 'io_submit', 'sendmmsg', 'add_key', 'readahead', 'pkey_free', 'link', 'pwrite64', 'copy_file_range', 'clock_adjtime', 'tee', 'fork', 'syslog', 'fchownat', 'sched_getattr', 'restart_syscall', 'request_key', 'set_thread_area', 'inotify_add_watch', 'msync', 'shmget', 'membarrier', 'ioprio_set', 'keyctl', 'utime', 'bpf', 'tkill', 'lchown', 'dup3', 'kcmp', 'reboot', 'ptrace', 'rt_sigqueueinfo', 'ppoll', 'setregid', 'timer_create', 'chroot', 'mq_open', 'syncfs', 'semop', 'shmdt', 'seccomp', 'mbind', 'recvmmsg', 'pkey_alloc', 'settimeofday', 'semtimedop', 'rt_sigtimedwait', 'mq_timedreceive', 'init_module', 'process_vm_writev', 'kexec_load', 'timer_settime', 'setdomainname', 'inotify_rm_watch', 'renameat2', 'renameat', 'rmdir', 'getpriority', 'open_by_handle_at', 'eventfd2', 'linkat', 'timerfd_create', 'mq_timedsend', 'msgget', 'uselib', 'chown', 'adjtimex', 'shmctl', 'shmat', 'sysfs', 'pause', 'iopl', 'mq_getsetattr', 'kexec_file_load', 'fanotify_mark', 'io_destroy', 'setfsuid', 'inotify_init', 'vmsplice', 'semctl', 'eventfd', 'userfaultfd', 'sendfile', 'munlockall', 'ioprio_get', 'io_getevents', 'mknod', 'munlock', 'accept4', 'timer_delete', 'statx', 'fchmodat', 'signalfd4', 'preadv2', 'utimes', 'vhangup', 'utimensat', 'swapoff', 'acct', 'getpgid', 'get_robust_list', 'pkey_mprotect', 'sched_rr_get_interval', 'set_mempolicy', 'getitimer', 'swapon', 'timerfd_gettime', 'fallocate', 'semget', 'setpriority', 'timer_getoverrun'}
10;mongo;135;105;158;0;0;{'rt_tgsigqueueinfo', 'delete_module', 'process_vm_readv', 'execveat', 'preadv', 'rt_sigpending', 'clock_settime', 'msgrcv', 'flistxattr', 'fanotify_init', 'name_to_handle_at', 'sched_setattr', 'lookup_dcookie', 'unshare', 'perf_event_open', 'llistxattr', 'mkdirat', 'futimesat', 'memfd_create', 'waitid', 'personality', 'setreuid', 'mq_unlink', 'signalfd', 'io_cancel', 'pwritev', 'mknodat', 'inotify_init1', 'setfsgid', 'lremovexattr', 'mlockall', 'ustat', 'remap_file_pages', 'mq_notify', 'timer_gettime', 'msgsnd', 'sethostname', 'symlinkat', 'pwritev2', 'quotactl', 'msgctl', 'modify_ldt', 'get_thread_area', 'finit_module', 'pivot_root', 'io_submit', 'readahead', 'pkey_free', 'copy_file_range', 'clock_adjtime', 'tee', 'fork', 'syslog', 'sched_getattr', 'restart_syscall', 'set_thread_area', 'inotify_add_watch', 'membarrier', 'ioprio_set', 'bpf', 'tkill', 'lchown', 'fremovexattr', 'dup3', 'kcmp', 'reboot', 'ptrace', 'rt_sigqueueinfo', 'ppoll', 'setregid', 'timer_create', 'chroot', 'mq_open', 'syncfs', 'semop', 'seccomp', 'recvmmsg', 'pkey_alloc', 'settimeofday', 'semtimedop', 'mq_timedreceive', 'init_module', 'process_vm_writev', 'kexec_load', 'timer_settime', 'setdomainname', 'inotify_rm_watch', 'renameat2', 'getcpu', 'renameat', 'getpriority', 'open_by_handle_at', 'linkat', 'mq_timedsend', 'msgget', 'uselib', 'adjtimex', 'sysfs', 'iopl', 'mq_getsetattr', 'kexec_file_load', 'fanotify_mark', 'io_destroy', 'setfsuid', 'inotify_init', 'vmsplice', 'semctl', 'eventfd', 'userfaultfd', 'sendfile', 'munlockall', 'ioprio_get', 'io_getevents', 'mknod', 'accept4', 'timer_delete', 'statx', 'fchmodat', 'signalfd4', 'preadv2', 'utimes', 'vhangup', 'swapoff', 'acct', 'getpgid', 'listxattr', 'get_robust_list', 'pkey_mprotect', 'sched_rr_get_interval', 'getitimer', 'swapon', 'timerfd_gettime', 'semget', 'setpriority', 'timer_getoverrun'}
14;postgres;127;95;148;0;0;{'settimeofday', 'adjtimex', 'bpf', 'eventfd', 'swapon', 'semtimedop', 'mq_notify', 'getpgid', 'pkey_alloc', 'futimesat', 'iopl', 'signalfd', 'mbind', 'semctl', 'sched_getattr', 'io_cancel', 'renameat2', 'io_destroy', 'acct', 'semget', 'fanotify_mark', 'dup3', 'renameat', 'readahead', 'quotactl', 'set_mempolicy', 'pwritev', 'munlock', 'msgsnd', 'mkdirat', 'modify_ldt', 'setfsgid', 'mq_timedsend', 'io_getevents', 'semop', 'init_module', 'sched_setattr', 'get_robust_list', 'pkey_free', 'syslog', 'inotify_init', 'mq_getsetattr', 'perf_event_open', 'mq_open', 'timer_delete', 'userfaultfd', 'vhangup', 'setreuid', 'tee', 'clock_settime', 'open_by_handle_at', 'getitimer', 'get_mempolicy', 'mq_unlink', 'sched_rr_get_interval', 'kcmp', 'pause', 'pwritev2', 'getpriority', 'linkat', 'eventfd2', 'statx', 'mq_timedreceive', 'ioprio_get', 'seccomp', 'delete_module', 'get_thread_area', 'unshare', 'remap_file_pages', 'tkill', 'fanotify_init', 'migrate_pages', 'msgrcv', 'clock_adjtime', 'ustat', 'fchownat', 'set_thread_area', 'uselib', 'preadv2', 'execveat', 'getcpu', 'pivot_root', 'symlinkat', 'rt_tgsigqueueinfo', 'preadv', 'msync', 'fork', 'move_pages', 'setdomainname', 'timerfd_gettime', 'restart_syscall', 'setfsuid', 'membarrier', 'swapoff', 'kexec_load', 'sethostname', 'sysfs', 'mlock', 'vmsplice', 'timer_create', 'syncfs', 'truncate', 'finit_module', 'msgget', 'mlockall', 'munlockall', 'mlock2', 'lookup_dcookie', 'recvmmsg', 'setregid', 'pkey_mprotect', 'io_submit', 'timer_settime', 'copy_file_range', 'sendfile', 'setpriority', 'ptrace', 'msgctl', 'rt_sigqueueinfo', 'timer_getoverrun', 'process_vm_readv', 'reboot', 'kexec_file_load', 'ioprio_set', 'timer_gettime', 'personality', 'process_vm_writev'}
15;nginx;151;115;168;0;0;{'settimeofday', 'adjtimex', 'bpf', 'ppoll', 'eventfd', 'swapon', 'semtimedop', 'inotify_init1', 'mq_notify', 'lchown', 'getpgid', 'pkey_alloc', 'rt_sigpending', 'keyctl', 'rt_sigtimedwait', 'futimesat', 'iopl', 'signalfd', 'mbind', 'semctl', 'sched_getattr', 'io_cancel', 'renameat2', 'acct', 'timerfd_create', 'semget', 'fanotify_mark', 'dup3', 'sendmmsg', 'renameat', 'inotify_add_watch', 'readahead', 'fdatasync', 'quotactl', 'set_mempolicy', 'munlock', 'symlink', 'msgsnd', 'mkdirat', 'modify_ldt', 'getrusage', 'setfsgid', 'mq_timedsend', 'semop', 'init_module', 'memfd_create', 'sched_setattr', 'get_robust_list', 'flock', 'pkey_free', 'syslog', 'inotify_init', 'mq_getsetattr', 'perf_event_open', 'sync', 'mq_open', 'timer_delete', 'userfaultfd', 'vhangup', 'setreuid', 'tee', 'clock_settime', 'open_by_handle_at', 'getitimer', 'get_mempolicy', 'mq_unlink', 'sched_rr_get_interval', 'mincore', 'kcmp', 'pause', 'pwritev2', 'getpriority', 'linkat', 'signalfd4', 'shmctl', 'statx', 'mq_timedreceive', 'getpeername', 'ioprio_get', 'seccomp', 'delete_module', 'get_thread_area', 'unshare', 'remap_file_pages', 'tkill', 'fanotify_init', 'migrate_pages', 'msgrcv', 'clock_adjtime', 'ustat', 'fchownat', 'set_thread_area', 'uselib', 'mknod', 'preadv2', 'execveat', 'getcpu', 'pivot_root', 'add_key', 'symlinkat', 'rt_tgsigqueueinfo', 'preadv', 'epoll_create1', 'fork', 'move_pages', 'chroot', 'setdomainname', 'timerfd_gettime', 'fchmodat', 'restart_syscall', 'setfsuid', 'mknodat', 'membarrier', 'swapoff', 'kexec_load', 'waitid', 'sethostname', 'sysfs', 'mlock', 'vmsplice', 'name_to_handle_at', 'timer_create', 'syncfs', 'truncate', 'finit_module', 'msgget', 'mlockall', 'munlockall', 'mlock2', 'lookup_dcookie', 'recvmmsg', 'setregid', 'inotify_rm_watch', 'pkey_mprotect', 'io_submit', 'timer_settime', 'timerfd_settime', 'copy_file_range', 'ptrace', 'msgctl', 'rt_sigqueueinfo', 'request_key', 'timer_getoverrun', 'process_vm_readv', 'reboot', 'kexec_file_load', 'sync_file_range', 'ioprio_set', 'timer_gettime', 'personality', 'process_vm_writev'}
16;mysql;125;94;147;0;0;{'adjtimex', 'bpf', 'inotify_init1', 'eventfd', 'swapon', 'semtimedop', 'mq_notify', 'getpgid', 'pkey_alloc', 'rt_sigpending', 'keyctl', 'futimesat', 'iopl', 'signalfd', 'semctl', 'sched_getattr', 'renameat2', 'acct', 'timerfd_create', 'semget', 'fanotify_mark', 'dup3', 'sendmmsg', 'renameat', 'inotify_add_watch', 'readahead', 'quotactl', 'pwritev', 'munlock', 'msgsnd', 'mkdirat', 'modify_ldt', 'setfsgid', 'mq_timedsend', 'semop', 'init_module', 'memfd_create', 'sched_setattr', 'get_robust_list', 'flock', 'pkey_free', 'syslog', 'inotify_init', 'mq_getsetattr', 'perf_event_open', 'sync', 'mq_open', 'userfaultfd', 'vhangup', 'tee', 'open_by_handle_at', 'getitimer', 'mq_unlink', 'sched_rr_get_interval', 'kcmp', 'pause', 'pwritev2', 'linkat', 'signalfd4', 'statx', 'mq_timedreceive', 'ioprio_get', 'seccomp', 'delete_module', 'get_thread_area', 'unshare', 'remap_file_pages', 'tkill', 'fanotify_init', 'msgrcv', 'clock_adjtime', 'ustat', 'fchownat', 'set_thread_area', 'uselib', 'mknod', 'preadv2', 'execveat', 'pivot_root', 'add_key', 'symlinkat', 'rt_tgsigqueueinfo', 'preadv', 'fork', 'utimes', 'setdomainname', 'timerfd_gettime', 'fchmodat', 'restart_syscall', 'setfsuid', 'mknodat', 'membarrier', 'swapoff', 'kexec_load', 'waitid', 'sethostname', 'sysfs', 'mlock', 'vmsplice', 'name_to_handle_at', 'syncfs', 'truncate', 'finit_module', 'msgget', 'munlockall', 'mlock2', 'lookup_dcookie', 'recvmmsg', 'inotify_rm_watch', 'pkey_mprotect', 'timerfd_settime', 'copy_file_range', 'ptrace', 'msgctl', 'rt_sigqueueinfo', 'request_key', 'timer_getoverrun', 'process_vm_readv', 'reboot', 'kexec_file_load', 'sync_file_range', 'ioprio_set', 'timer_gettime', 'personality', 'process_vm_writev'}
-1;httpd;144;108;161;0;0;{'settimeofday', 'adjtimex', 'bpf', 'ppoll', 'eventfd', 'swapon', 'inotify_init1', 'mq_notify', 'lchown', 'pkey_alloc', 'rt_sigpending', 'keyctl', 'futimesat', 'iopl', 'signalfd', 'mbind', 'sched_getattr', 'io_cancel', 'renameat2', 'io_destroy', 'acct', 'timerfd_create', 'fanotify_mark', 'sendmmsg', 'renameat', 'inotify_add_watch', 'readahead', 'quotactl', 'set_mempolicy', 'pwritev', 'munlock', 'symlink', 'msgsnd', 'mkdirat', 'modify_ldt', 'getrusage', 'setfsgid', 'mq_timedsend', 'io_getevents', 'init_module', 'memfd_create', 'sched_setattr', 'get_robust_list', 'pkey_free', 'syslog', 'inotify_init', 'mq_getsetattr', 'perf_event_open', 'sync', 'mq_open', 'timer_delete', 'userfaultfd', 'vhangup', 'setreuid', 'tee', 'clock_settime', 'open_by_handle_at', 'getitimer', 'get_mempolicy', 'mq_unlink', 'sched_rr_get_interval', 'mincore', 'kcmp', 'pause', 'pwritev2', 'getpriority', 'linkat', 'signalfd4', 'eventfd2', 'statx', 'mq_timedreceive', 'ioprio_get', 'seccomp', 'delete_module', 'get_thread_area', 'unshare', 'remap_file_pages', 'tkill', 'fanotify_init', 'migrate_pages', 'msgrcv', 'clock_adjtime', 'ustat', 'fchownat', 'epoll_create', 'set_thread_area', 'uselib', 'preadv2', 'execveat', 'getcpu', 'pivot_root', 'add_key', 'symlinkat', 'rt_tgsigqueueinfo', 'preadv', 'fork', 'move_pages', 'socketpair', 'setdomainname', 'timerfd_gettime', 'fchmodat', 'restart_syscall', 'setfsuid', 'membarrier', 'swapoff', 'kexec_load', 'waitid', 'sethostname', 'accept', 'sysfs', 'mlock', 'vmsplice', 'name_to_handle_at', 'timer_create', 'syncfs', 'truncate', 'finit_module', 'msgget', 'mlockall', 'munlockall', 'mlock2', 'lookup_dcookie', 'recvmmsg', 'setregid', 'inotify_rm_watch', 'pkey_mprotect', 'io_submit', 'timer_settime', 'timerfd_settime', 'copy_file_range', 'setpriority', 'ptrace', 'msgctl', 'rt_sigqueueinfo', 'request_key', 'timer_getoverrun', 'process_vm_readv', 'reboot', 'kexec_file_load', 'sync_file_range', 'ioprio_set', 'timer_gettime', 'personality', 'process_vm_writev'}
26;memcached;151;115;168;0;0;{'settimeofday', 'adjtimex', 'bpf', 'ppoll', 'eventfd', 'swapon', 'semtimedop', 'inotify_init1', 'mq_notify', 'lchown', 'getpgid', 'pkey_alloc', 'rt_sigpending', 'keyctl', 'rt_sigtimedwait', 'futimesat', 'iopl', 'signalfd', 'mbind', 'semctl', 'sched_getattr', 'io_cancel', 'renameat2', 'io_destroy', 'acct', 'rmdir', 'semget', 'fanotify_mark', 'dup3', 'sendmmsg', 'renameat', 'inotify_add_watch', 'readahead', 'fdatasync', 'quotactl', 'set_mempolicy', 'pwritev', 'munlock', 'symlink', 'msgsnd', 'mkdirat', 'modify_ldt', 'setfsgid', 'mq_timedsend', 'io_getevents', 'semop', 'init_module', 'memfd_create', 'sched_setattr', 'get_robust_list', 'flock', 'pkey_free', 'syslog', 'inotify_init', 'mq_getsetattr', 'perf_event_open', 'sync', 'mq_open', 'timer_delete', 'userfaultfd', 'vhangup', 'setreuid', 'tee', 'clock_settime', 'open_by_handle_at', 'getitimer', 'get_mempolicy', 'mq_unlink', 'sched_rr_get_interval', 'mincore', 'kcmp', 'pause', 'pwritev2', 'getpriority', 'linkat', 'signalfd4', 'shmctl', 'statx', 'mq_timedreceive', 'ioprio_get', 'seccomp', 'delete_module', 'get_thread_area', 'unshare', 'remap_file_pages', 'tkill', 'fanotify_init', 'migrate_pages', 'msgrcv', 'clock_adjtime', 'ustat', 'fchownat', 'set_thread_area', 'uselib', 'mknod', 'preadv2', 'execveat', 'getcpu', 'pivot_root', 'add_key', 'symlinkat', 'rt_tgsigqueueinfo', 'fork', 'move_pages', 'chroot', 'utimes', 'setdomainname', 'timerfd_gettime', 'fchmodat', 'restart_syscall', 'setfsuid', 'mknodat', 'membarrier', 'swapoff', 'kexec_load', 'waitid', 'sethostname', 'sysfs', 'mlock', 'vmsplice', 'name_to_handle_at', 'timer_create', 'syncfs', 'truncate', 'finit_module', 'msgget', 'munlockall', 'mlock2', 'lookup_dcookie', 'recvmmsg', 'setregid', 'inotify_rm_watch', 'pkey_mprotect', 'io_submit', 'timer_settime', 'copy_file_range', 'setpriority', 'ptrace', 'chown', 'msgctl', 'rt_sigqueueinfo', 'request_key', 'timer_getoverrun', 'process_vm_readv', 'reboot', 'kexec_file_load', 'sync_file_range', 'ioprio_set', 'timer_gettime', 'personality', 'process_vm_writev'}
13;node;139;103;156;0;0;{'settimeofday', 'adjtimex', 'bpf', 'ppoll', 'swapon', 'semtimedop', 'mq_notify', 'getpgid', 'pkey_alloc', 'rt_sigpending', 'keyctl', 'rt_sigtimedwait', 'futimesat', 'iopl', 'signalfd', 'mbind', 'semctl', 'sched_getattr', 'io_cancel', 'renameat2', 'io_destroy', 'acct', 'timerfd_create', 'semget', 'fanotify_mark', 'renameat', 'readahead', 'quotactl', 'set_mempolicy', 'munlock', 'msgsnd', 'mkdirat', 'modify_ldt', 'setfsgid', 'mq_timedsend', 'io_getevents', 'semop', 'init_module', 'memfd_create', 'listxattr', 'get_robust_list', 'flock', 'sched_setattr', 'pkey_free', 'syslog', 'mq_getsetattr', 'perf_event_open', 'sync', 'mq_open', 'timer_delete', 'userfaultfd', 'vhangup', 'setreuid', 'tee', 'clock_settime', 'lremovexattr', 'open_by_handle_at', 'getitimer', 'get_mempolicy', 'mq_unlink', 'sched_rr_get_interval', 'mincore', 'kcmp', 'pause', 'pwritev2', 'linkat', 'signalfd4', 'shmctl', 'mq_timedreceive', 'ioprio_get', 'seccomp', 'delete_module', 'get_thread_area', 'unshare', 'remap_file_pages', 'tkill', 'fanotify_init', 'migrate_pages', 'msgrcv', 'clock_adjtime', 'ustat', 'fchownat', 'set_thread_area', 'uselib', 'mknod', 'preadv2', 'execveat', 'getcpu', 'pivot_root', 'add_key', 'symlinkat', 'rt_tgsigqueueinfo', 'fremovexattr', 'fork', 'llistxattr', 'move_pages', 'chroot', 'utimes', 'setdomainname', 'timerfd_gettime', 'fchmodat', 'restart_syscall', 'setfsuid', 'flistxattr', 'mknodat', 'membarrier', 'swapoff', 'kexec_load', 'waitid', 'sethostname', 'sysfs', 'vmsplice', 'name_to_handle_at', 'timer_create', 'syncfs', 'truncate', 'finit_module', 'msgget', 'mlockall', 'munlockall', 'lookup_dcookie', 'setregid', 'pkey_mprotect', 'io_submit', 'timer_settime', 'timerfd_settime', 'ptrace', 'msgctl', 'rt_sigqueueinfo', 'request_key', 'timer_getoverrun', 'process_vm_readv', 'reboot', 'kexec_file_load', 'sync_file_range', 'ioprio_set', 'timer_gettime', 'personality', 'process_vm_writev'}
18;registry;128;104;157;0;0;{'utime', 'bpf', 'sched_setaffinity', 'ppoll', 'eventfd', 'semtimedop', 'mq_notify', 'fadvise64', 'sched_get_priority_min', 'pkey_alloc', 'rt_sigpending', 'sched_setscheduler', 'keyctl', 'iopl', 'signalfd', 'mbind', 'sched_setparam', 'sched_getattr', 'io_cancel', 'renameat2', 'io_destroy', 'acct', 'timerfd_create', 'getxattr', 'fanotify_mark', 'sendmmsg', 'pselect6', 'quotactl', 'set_mempolicy', 'pwritev', 'msgsnd', 'modify_ldt', 'getrusage', 'setfsgid', 'mq_timedsend', 'io_getevents', 'memfd_create', 'listxattr', 'get_robust_list', 'sched_setattr', 'pkey_free', 'fgetxattr', 'mq_getsetattr', 'perf_event_open', 'mq_open', 'timer_delete', 'sched_get_priority_max', 'userfaultfd', 'vhangup', 'setreuid', 'epoll_wait', 'tee', 'open_by_handle_at', 'lremovexattr', 'sched_getparam', 'getitimer', 'get_mempolicy', 'clock_nanosleep', 'mq_unlink', 'sched_rr_get_interval', 'kcmp', 'pwritev2', 'linkat', 'signalfd4', 'eventfd2', 'lgetxattr', 'statx', 'mq_timedreceive', 'seccomp', 'get_thread_area', 'remap_file_pages', 'fanotify_init', 'migrate_pages', 'msgrcv', 'ustat', 'fchownat', 'set_thread_area', 'uselib', 'preadv2', 'removexattr', 'execveat', 'getcpu', 'pivot_root', 'add_key', 'symlinkat', 'rt_tgsigqueueinfo', 'fremovexattr', 'preadv', 'msync', 'llistxattr', 'move_pages', 'creat', 'setdomainname', 'timerfd_gettime', 'sched_getscheduler', 'restart_syscall', 'setxattr', 'setfsuid', 'flistxattr', 'mknodat', 'membarrier', 'kexec_load', 'select', 'sysfs', 'vmsplice', 'name_to_handle_at', 'timer_create', 'truncate', 'mlockall', 'munlockall', 'mlock2', 'lookup_dcookie', 'recvmmsg', 'setregid', 'pkey_mprotect', 'io_submit', 'timer_settime', 'timerfd_settime', 'copy_file_range', 'request_key', 'fsetxattr', 'lsetxattr', 'timer_getoverrun', 'process_vm_readv', 'kexec_file_load', 'sync_file_range', 'timer_gettime', 'process_vm_writev'}
19;traefik;125;101;154;0;0;{'utime', 'bpf', 'sched_setaffinity', 'ppoll', 'eventfd', 'semtimedop', 'mq_notify', 'fadvise64', 'sched_get_priority_min', 'pkey_alloc', 'rt_sigpending', 'sched_setscheduler', 'keyctl', 'iopl', 'signalfd', 'mbind', 'sched_setparam', 'sched_getattr', 'io_cancel', 'renameat2', 'io_destroy', 'acct', 'timerfd_create', 'getxattr', 'fanotify_mark', 'sendmmsg', 'pselect6', 'quotactl', 'set_mempolicy', 'pwritev', 'msgsnd', 'modify_ldt', 'setfsgid', 'mq_timedsend', 'io_getevents', 'memfd_create', 'listxattr', 'get_robust_list', 'sched_setattr', 'pkey_free', 'fgetxattr', 'mq_getsetattr', 'perf_event_open', 'mq_open', 'timer_delete', 'sched_get_priority_max', 'userfaultfd', 'vhangup', 'setreuid', 'epoll_wait', 'tee', 'open_by_handle_at', 'lremovexattr', 'sched_getparam', 'getitimer', 'get_mempolicy', 'clock_nanosleep', 'mq_unlink', 'sched_rr_get_interval', 'kcmp', 'pwritev2', 'linkat', 'signalfd4', 'eventfd2', 'lgetxattr', 'statx', 'mq_timedreceive', 'seccomp', 'get_thread_area', 'remap_file_pages', 'fanotify_init', 'migrate_pages', 'msgrcv', 'ustat', 'fchownat', 'set_thread_area', 'uselib', 'preadv2', 'removexattr', 'execveat', 'getcpu', 'pivot_root', 'add_key', 'symlinkat', 'rt_tgsigqueueinfo', 'fremovexattr', 'preadv', 'msync', 'llistxattr', 'move_pages', 'creat', 'setdomainname', 'timerfd_gettime', 'sched_getscheduler', 'restart_syscall', 'setxattr', 'setfsuid', 'flistxattr', 'mknodat', 'membarrier', 'kexec_load', 'select', 'sysfs', 'vmsplice', 'name_to_handle_at', 'timer_create', 'mlockall', 'munlockall', 'mlock2', 'lookup_dcookie', 'recvmmsg', 'setregid', 'pkey_mprotect', 'io_submit', 'timer_settime', 'timerfd_settime', 'request_key', 'fsetxattr', 'lsetxattr', 'timer_getoverrun', 'process_vm_readv', 'kexec_file_load', 'sync_file_range', 'timer_gettime', 'process_vm_writev'}
24;mariadb;123;92;145;0;0;{'adjtimex', 'bpf', 'eventfd', 'swapon', 'semtimedop', 'mq_notify', 'getpgid', 'pkey_alloc', 'rt_sigpending', 'futimesat', 'iopl', 'signalfd', 'mbind', 'semctl', 'sched_getattr', 'renameat2', 'acct', 'semget', 'fanotify_mark', 'sendmmsg', 'renameat', 'readahead', 'quotactl', 'set_mempolicy', 'pwritev', 'munlock', 'msgsnd', 'mkdirat', 'modify_ldt', 'setfsgid', 'mq_timedsend', 'semop', 'init_module', 'listxattr', 'get_robust_list', 'flock', 'sched_setattr', 'pkey_free', 'syslog', 'inotify_init', 'mq_getsetattr', 'perf_event_open', 'sync', 'mq_open', 'timer_delete', 'userfaultfd', 'vhangup', 'tee', 'open_by_handle_at', 'lremovexattr', 'getitimer', 'get_mempolicy', 'mq_unlink', 'sched_rr_get_interval', 'kcmp', 'pause', 'pwritev2', 'linkat', 'eventfd2', 'shmctl', 'statx', 'mq_timedreceive', 'ioprio_get', 'seccomp', 'delete_module', 'get_thread_area', 'unshare', 'remap_file_pages', 'tkill', 'fanotify_init', 'migrate_pages', 'msgrcv', 'clock_adjtime', 'ustat', 'fchownat', 'set_thread_area', 'uselib', 'mknod', 'preadv2', 'execveat', 'getcpu', 'pivot_root', 'add_key', 'symlinkat', 'rt_tgsigqueueinfo', 'fremovexattr', 'preadv', 'fork', 'llistxattr', 'move_pages', 'utimes', 'timerfd_gettime', 'restart_syscall', 'setfsuid', 'flistxattr', 'mknodat', 'membarrier', 'swapoff', 'kexec_load', 'sysfs', 'vmsplice', 'timer_create', 'syncfs', 'finit_module', 'msgget', 'munlockall', 'mlock2', 'lookup_dcookie', 'recvmmsg', 'pkey_mprotect', 'timer_settime', 'copy_file_range', 'ptrace', 'msgctl', 'timer_getoverrun', 'process_vm_readv', 'reboot', 'kexec_file_load', 'sync_file_range', 'ioprio_set', 'timer_gettime', 'personality', 'process_vm_writev'}
41;nextcloud;130;97;150;0;0;{'settimeofday', 'adjtimex', 'bpf', 'ppoll', 'eventfd', 'swapon', 'inotify_init1', 'mq_notify', 'pkey_alloc', 'keyctl', 'futimesat', 'iopl', 'signalfd', 'mbind', 'sched_getattr', 'io_cancel', 'renameat2', 'io_destroy', 'acct', 'timerfd_create', 'fanotify_mark', 'renameat', 'inotify_add_watch', 'readahead', 'quotactl', 'set_mempolicy', 'pwritev', 'munlock', 'msgsnd', 'mkdirat', 'modify_ldt', 'setfsgid', 'mq_timedsend', 'io_getevents', 'init_module', 'memfd_create', 'sched_setattr', 'get_robust_list', 'pkey_free', 'syslog', 'inotify_init', 'mq_getsetattr', 'perf_event_open', 'mq_open', 'timer_delete', 'userfaultfd', 'vhangup', 'setreuid', 'tee', 'clock_settime', 'open_by_handle_at', 'getitimer', 'get_mempolicy', 'mq_unlink', 'sched_rr_get_interval', 'mincore', 'kcmp', 'pause', 'pwritev2', 'linkat', 'signalfd4', 'statx', 'mq_timedreceive', 'ioprio_get', 'seccomp', 'delete_module', 'get_thread_area', 'remap_file_pages', 'tkill', 'fanotify_init', 'migrate_pages', 'msgrcv', 'clock_adjtime', 'ustat', 'fchownat', 'epoll_create', 'set_thread_area', 'uselib', 'preadv2', 'execveat', 'getcpu', 'pivot_root', 'symlinkat', 'rt_tgsigqueueinfo', 'preadv', 'fork', 'move_pages', 'setdomainname', 'timerfd_gettime', 'fchmodat', 'restart_syscall', 'setfsuid', 'membarrier', 'swapoff', 'kexec_load', 'waitid', 'sethostname', 'sysfs', 'mlock', 'vmsplice', 'name_to_handle_at', 'timer_create', 'syncfs', 'truncate', 'finit_module', 'msgget', 'mlockall', 'munlockall', 'mlock2', 'lookup_dcookie', 'recvmmsg', 'setregid', 'inotify_rm_watch', 'pkey_mprotect', 'io_submit', 'timer_settime', 'timerfd_settime', 'copy_file_range', 'ptrace', 'msgctl', 'rt_sigqueueinfo', 'timer_getoverrun', 'process_vm_readv', 'reboot', 'kexec_file_load', 'sync_file_range', 'ioprio_set', 'timer_gettime', 'personality', 'process_vm_writev'}
45;logstash;137;104;157;0;0;{'settimeofday', 'adjtimex', 'utime', 'bpf', 'inotify_init1', 'eventfd', 'swapon', 'semtimedop', 'mq_notify', 'splice', 'getpgid', 'pkey_alloc', 'rt_sigpending', 'keyctl', 'rt_sigtimedwait', 'futimesat', 'iopl', 'signalfd', 'mbind', 'semctl', 'sched_getattr', 'io_cancel', 'renameat2', 'io_destroy', 'acct', 'timerfd_create', 'semget', 'fanotify_mark', 'dup3', 'sendmmsg', 'readahead', 'quotactl', 'set_mempolicy', 'pwritev', 'munlock', 'msgsnd', 'mkdirat', 'modify_ldt', 'setfsgid', 'mq_timedsend', 'io_getevents', 'semop', 'init_module', 'sched_setattr', 'get_robust_list', 'flock', 'pkey_free', 'syslog', 'mq_getsetattr', 'perf_event_open', 'sync', 'mq_open', 'timer_delete', 'userfaultfd', 'vhangup', 'setreuid', 'tee', 'clock_settime', 'open_by_handle_at', 'getitimer', 'mq_unlink', 'sched_rr_get_interval', 'kcmp', 'pause', 'pwritev2', 'accept4', 'linkat', 'eventfd2', 'statx', 'mq_timedreceive', 'ioprio_get', 'seccomp', 'delete_module', 'get_thread_area', 'unshare', 'remap_file_pages', 'fanotify_init', 'migrate_pages', 'msgrcv', 'clock_adjtime', 'ustat', 'fchownat', 'set_thread_area', 'uselib', 'preadv2', 'execveat', 'pivot_root', 'add_key', 'symlinkat', 'rt_tgsigqueueinfo', 'preadv', 'epoll_create1', 'fork', 'move_pages', 'chroot', 'setdomainname', 'timerfd_gettime', 'fchmodat', 'restart_syscall', 'setfsuid', 'mknodat', 'membarrier', 'swapoff', 'kexec_load', 'waitid', 'sethostname', 'sysfs', 'mlock', 'vmsplice', 'name_to_handle_at', 'timer_create', 'syncfs', 'truncate', 'finit_module', 'msgget', 'mlockall', 'munlockall', 'mlock2', 'lookup_dcookie', 'recvmmsg', 'setregid', 'pkey_mprotect', 'io_submit', 'timer_settime', 'timerfd_settime', 'copy_file_range', 'msgctl', 'rt_sigqueueinfo', 'request_key', 'timer_getoverrun', 'reboot', 'kexec_file_load', 'sync_file_range', 'ioprio_set', 'timer_gettime', 'personality', 'process_vm_writev'}
47;telegraf;154;121;174;0;0;{'settimeofday', 'adjtimex', 'utime', 'ppoll', 'eventfd', 'swapon', 'semtimedop', 'inotify_init1', 'mq_notify', 'fadvise64', 'lchown', 'getpgid', 'pkey_alloc', 'rt_sigpending', 'keyctl', 'rt_sigtimedwait', 'futimesat', 'iopl', 'signalfd', 'mbind', 'semctl', 'fallocate', 'io_cancel', 'sched_getattr', 'renameat2', 'io_destroy', 'shmat', 'acct', 'timerfd_create', 'rmdir', 'semget', 'fanotify_mark', 'dup3', 'sendmmsg', 'inotify_add_watch', 'readahead', 'fdatasync', 'quotactl', 'set_mempolicy', 'pwritev', 'munlock', 'symlink', 'msgsnd', 'modify_ldt', 'setfsgid', 'shmget', 'mq_timedsend', 'io_getevents', 'semop', 'init_module', 'memfd_create', 'sched_setattr', 'get_robust_list', 'flock', 'pkey_free', 'syslog', 'inotify_init', 'mq_getsetattr', 'perf_event_open', 'sync', 'mq_open', 'timer_delete', 'userfaultfd', 'vhangup', 'shmdt', 'setreuid', 'epoll_wait', 'tee', 'clock_settime', 'open_by_handle_at', 'getitimer', 'get_mempolicy', 'mq_unlink', 'sched_rr_get_interval', 'kcmp', 'pause', 'pwritev2', 'getpriority', 'linkat', 'signalfd4', 'eventfd2', 'shmctl', 'statx', 'utimensat', 'mq_timedreceive', 'ioprio_get', 'seccomp', 'delete_module', 'get_thread_area', 'remap_file_pages', 'tkill', 'fanotify_init', 'migrate_pages', 'msgrcv', 'clock_adjtime', 'ustat', 'fchownat', 'set_thread_area', 'uselib', 'mknod', 'preadv2', 'execveat', 'getcpu', 'pivot_root', 'add_key', 'rt_tgsigqueueinfo', 'preadv', 'msync', 'fork', 'move_pages', 'socketpair', 'utimes', 'setdomainname', 'timerfd_gettime', 'restart_syscall', 'setfsuid', 'mknodat', 'membarrier', 'link', 'swapoff', 'kexec_load', 'sethostname', 'sysfs', 'vmsplice', 'name_to_handle_at', 'timer_create', 'syncfs', 'finit_module', 'msgget', 'mlockall', 'munlockall', 'mlock2', 'lookup_dcookie', 'recvmmsg', 'setregid', 'inotify_rm_watch', 'pkey_mprotect', 'io_submit', 'timer_settime', 'timerfd_settime', 'copy_file_range', 'setpriority', 'msgctl', 'rt_sigqueueinfo', 'request_key', 'timer_getoverrun', 'process_vm_readv', 'reboot', 'kexec_file_load', 'sync_file_range', 'ioprio_set', 'timer_gettime', 'personality', 'process_vm_writev'}
49;ghost;124;88;141;0;0;{'settimeofday', 'adjtimex', 'bpf', 'ppoll', 'swapon', 'semtimedop', 'mq_notify', 'getpgid', 'pkey_alloc', 'rt_sigpending', 'keyctl', 'rt_sigtimedwait', 'futimesat', 'iopl', 'signalfd', 'mbind', 'semctl', 'sched_getattr', 'io_cancel', 'io_destroy', 'acct', 'timerfd_create', 'semget', 'fanotify_mark', 'readahead', 'quotactl', 'set_mempolicy', 'munlock', 'msgsnd', 'modify_ldt', 'setfsgid', 'mq_timedsend', 'io_getevents', 'semop', 'init_module', 'memfd_create', 'sched_setattr', 'get_robust_list', 'flock', 'pkey_free', 'syslog', 'mq_getsetattr', 'perf_event_open', 'sync', 'mq_open', 'timer_delete', 'userfaultfd', 'vhangup', 'setreuid', 'tee', 'clock_settime', 'open_by_handle_at', 'getitimer', 'get_mempolicy', 'mq_unlink', 'sched_rr_get_interval', 'kcmp', 'pause', 'pwritev2', 'signalfd4', 'shmctl', 'mq_timedreceive', 'ioprio_get', 'seccomp', 'delete_module', 'get_thread_area', 'unshare', 'remap_file_pages', 'tkill', 'fanotify_init', 'migrate_pages', 'msgrcv', 'clock_adjtime', 'ustat', 'set_thread_area', 'uselib', 'mknod', 'preadv2', 'execveat', 'getcpu', 'pivot_root', 'add_key', 'rt_tgsigqueueinfo', 'fork', 'move_pages', 'chroot', 'setdomainname', 'timerfd_gettime', 'restart_syscall', 'setfsuid', 'membarrier', 'swapoff', 'kexec_load', 'waitid', 'sethostname', 'sysfs', 'vmsplice', 'name_to_handle_at', 'timer_create', 'syncfs', 'truncate', 'finit_module', 'msgget', 'mlockall', 'munlockall', 'lookup_dcookie', 'setregid', 'pkey_mprotect', 'io_submit', 'timer_settime', 'timerfd_settime', 'ptrace', 'msgctl', 'rt_sigqueueinfo', 'request_key', 'timer_getoverrun', 'process_vm_readv', 'reboot', 'kexec_file_load', 'sync_file_range', 'ioprio_set', 'timer_gettime', 'personality', 'process_vm_writev'}
