8;redis;True;True;False;163;164;221;128;181;True;True;;0;0;237.15318655967712;{'CCPP'};16
10;mongo;True;True;False;135;135;177;105;158;True;True;;0;0;410.6831884384155;{'CCPP'};22
14;postgres;True;True;False;125;127;163;95;148;True;True;;0;0;390.1425633430481;{'CCPP'};20
15;nginx;True;True;False;148;151;193;115;168;True;True;;0;0;290.86209177970886;{'CCPP'};16
16;mysql;True;True;False;124;125;167;94;147;True;True;;0;0;541.2178673744202;{'CCPP'};21
-1;httpd;True;True;False;143;144;191;108;161;True;True;;0;0;244.3492729663849;{'CCPP'};16
26;memcached;True;True;False;147;151;202;115;168;True;True;;0;0;278.0770618915558;{'CCPP'};16
13;node;True;True;False;138;139;167;103;156;True;True;;0;0;260.7551519870758;{'CCPP'};16
18;registry;True;True;False;128;128;218;104;157;True;True;;0;0;225.63717651367188;{'Go', 'CCPP'};28
19;traefik;True;True;False;125;125;212;101;154;True;True;;0;0;253.1557321548462;{'Go', 'CCPP'};28
24;mariadb;True;True;False;124;124;148;92;145;True;True;;0;0;527.9161942005157;{'CCPP'};21
41;nextcloud;True;True;False;127;130;155;97;150;True;True;;0;0;460.36248302459717;{'CCPP'};19
45;logstash;True;True;False;130;137;247;104;157;True;True;;0;0;269.0918056964874;{'Java', 'Go', 'CCPP'};19
47;telegraf;True;True;False;152;154;198;121;174;True;True;;0;0;263.75180673599243;{'Go', 'CCPP'};19
49;ghost;True;True;False;123;124;168;88;141;True;True;;0;0;285.45211362838745;{'CCPP'};16
