CVE-2019-17351;Denial Of Service
CVE-2019-17133;Overflow
CVE-2019-17075;Denial Of Service
CVE-2019-17056;None
CVE-2019-17055;None
CVE-2019-17054;None
CVE-2019-17053;None
CVE-2019-17052;None
CVE-2019-16995;Denial Of Service
CVE-2019-16994;Denial Of Service
CVE-2019-16921;Obtain Information
CVE-2019-16746;Overflow
CVE-2019-16714;Obtain Information
CVE-2019-16413;Denial Of Service
CVE-2019-16234;None
CVE-2019-16233;None
CVE-2019-16232;None
CVE-2019-16231;None
CVE-2019-16230;None
CVE-2019-16229;None
CVE-2019-16089;None
CVE-2019-15927;None
CVE-2019-15926;None
CVE-2019-15925;None
CVE-2019-15924;None
CVE-2019-15923;None
CVE-2019-15922;None
CVE-2019-15921;None
CVE-2019-15920;None
CVE-2019-15919;None
CVE-2019-15918;None
CVE-2019-15917;None
CVE-2019-15916;Denial Of Service
CVE-2019-15902;Obtain Information
CVE-2019-15807;Denial Of Service
CVE-2019-15666;Denial Of Service
CVE-2019-15538;None
CVE-2019-15505;None
CVE-2019-15504;None
CVE-2019-15292;None
CVE-2019-15291;None
CVE-2019-15239;None
CVE-2019-15223;None
CVE-2019-15222;None
CVE-2019-15221;None
CVE-2019-15220;None
CVE-2019-15219;None
CVE-2019-15218;None
CVE-2019-15217;None
CVE-2019-15216;None
