keyctl, add_key;{'CVE-2015-8539', 'CVE-2017-15274'};{'Gain privileges', 'Denial Of Service'};True;123;nginx, httpd, mysql
ioctl;{'CVE-2010-2478', 'CVE-2017-7187', 'CVE-2009-0745', 'CVE-2014-4655', 'CVE-2010-2066', 'CVE-2015-5697', 'CVE-2016-5829', 'CVE-2010-4655', 'CVE-2016-4482', 'CVE-2016-6516', 'CVE-2018-16658', 'CVE-2016-0723', 'CVE-2010-3861', 'CVE-2014-4652', 'CVE-2014-4653', 'CVE-2017-14991', 'CVE-2009-4131', 'CVE-2018-10940', 'CVE-2014-4654', 'CVE-2010-2803', 'CVE-2009-1192', 'CVE-2012-6539', 'CVE-2011-4127', 'CVE-2016-4569', 'CVE-2014-4656', 'CVE-2018-18710'};{'Obtain Information', 'Gain privileges', 'Bypass a restriction or similar', 'Overflow', 'Denial Of Service'};False;1;nats
mount;{'CVE-2008-2931', 'CVE-2014-5206', 'CVE-2014-5207'};{'Gain privileges', 'Bypass a restriction or similar', 'Denial Of Service'};True;13;crux, traefik, nats
unshare;{'CVE-2013-4205', 'CVE-2013-1858'};{'Gain privileges', 'Denial Of Service'};True;123;nginx, httpd, mysql
epoll_ctl;{'CVE-2012-3375'};{'Denial Of Service'};False;48;clearlinux, ibm-db2-warehouse-client-container, oraclelinux
inotify_add_watch;{'CVE-2019-9857'};{'Denial Of Service'};False;77;nginx, httpd, mysql
inotify_init1;{'CVE-2010-4250'};{'Denial Of Service'};False;101;nginx, httpd, mysql
ptrace;{'CVE-2019-13272', 'CVE-2009-1527', 'CVE-2014-9870', 'CVE-2013-0871', 'CVE-2012-1097'};{'Gain privileges', 'Denial Of Service'};True;122;nginx, httpd, mysql
keyctl, request_key, add_key;{'CVE-2017-7472', 'CVE-2016-0728'};{'Overflow', 'Gain privileges', 'Denial Of Service'};True;123;nginx, httpd, mysql
splice;{'CVE-2009-1961'};{'Denial Of Service'};False;57;mongo, rethinkdb, oraclelinux
pivot_root;{'CVE-2014-7970'};{'Denial Of Service'};True;140;nginx, httpd, mysql
removexattr, fsetxattr, lremovexattr, setxattr, lsetxattr, fremovexattr;{'CVE-2011-1090'};{'Denial Of Service'};False;22;clearlinux, opensuse, fluentd
name_to_handle_at;{'CVE-2012-6549'};{'Obtain Information'};True;139;nginx, httpd, mysql
move_pages;{'CVE-2010-0415', 'CVE-2017-14140'};{'Obtain Information', 'Denial Of Service'};True;141;httpd, nginx, redis
madvise;{'CVE-2012-3511', 'CVE-2017-18208'};{'Denial Of Service'};False;1;busybox
perf_event_open;{'CVE-2017-6001'};{'Gain privileges'};True;146;nginx, httpd, mysql
rt_sigqueueinfo, rt_tgsigqueueinfo;{'CVE-2011-1182'};set();False;140;nginx, httpd, mysql
semctl;{'CVE-2010-4083'};{'Obtain Information'};False;97;nginx, couchdb, redis
io_submit;{'CVE-2010-3066'};{'Denial Of Service'};False;142;httpd, nginx, redis
shmctl;{'CVE-2009-0859', 'CVE-2010-4072'};{'Obtain Information', 'Denial Of Service'};False;71;iojs, hylang, rethinkdb
ioprio_get;{'CVE-2016-7911'};{'Gain privileges', 'Denial Of Service'};False;131;nginx, httpd, mysql
mq_notify;{'CVE-2017-11176'};{'Denial Of Service'};False;146;nginx, httpd, mysql
get_mempolicy;{'CVE-2018-10675'};{'Denial Of Service'};True;116;nginx, httpd, mysql
open_by_handle_at;{'CVE-2010-3877'};{'Obtain Information'};True;146;nginx, httpd, mysql
keyctl;{'CVE-2015-7550', 'CVE-2017-12192', 'CVE-2009-3624', 'CVE-2016-9604'};{'Bypass a restriction or similar', 'Gain privileges', 'Denial Of Service'};True;123;nginx, httpd, mysql
sched_getattr;{'CVE-2014-9903'};{'Obtain Information'};False;146;nginx, httpd, mysql
semget, msgget, shmget;{'CVE-2015-7613'};{'Gain privileges'};False;62;iojs, julia, clearlinux
clock_nanosleep;{'CVE-2018-13053'};{'Overflow'};False;140;nginx, httpd, mysql
waitid;{'CVE-2017-14954', 'CVE-2017-5123'};{'Bypass a restriction or similar', 'Gain privileges', 'Obtain Information'};False;114;nginx, httpd, mysql
set_thread_area;{'CVE-2014-8133'};{'Bypass a restriction or similar'};False;146;nginx, httpd, mysql
setsockopt;{'CVE-2016-4997', 'CVE-2016-9793', 'CVE-2016-8655', 'CVE-2017-6074', 'CVE-2017-7308'};{'Gain privileges', 'Memory corruption', 'Overflow', 'Denial Of Service'};False;22;euleros, clearlinux, opensuse
