CVE-2015-8539;keyctl, add_key;Gain privileges, Denial Of Service;True;123;{'hylang', 'httpd', 'julia', 'clearlinux', 'ibm-db2-warehouse-client-container', 'opensuse', 'odoo', 'ros', 'haskell', 'zookeeper', 'fsharp', 'ibm-security-access-manager', 'filebeat', 'crux', 'ibmjava', 'ubuntu-upstart', 'nats', 'rakudo-star', 'sonarqube', 'celery', 'heartbeat', 'redis', 'oracle-instant-client', 'apm-server', 'anaconda', 'groovy', 'adminer', 'rabbitmq', 'vault', 'registry', 'kibana', 'cassandra', 'softwareag-apigateway', 'iojs', 'fluentd', 'telegraf', 'logstash', 'websphere-liberty', 'sitescope', 'centos', 'jetty', 'sl', 'django', 'sourcemage', 'busybox', 'erlang', 'memcached', 'orientdb', 'couchbase', 'buildpack-deps', 'db2-developer-c-edition', 'gcc', 'metricbeat', 'geonetwork', 'skopos', 'tomcat', 'python', 'bash', 'swift', 'irssi', 'mysql', 'oracle-database-enterprise-edition', 'pypy', 'mongo', 'intersystems-iris-data-platform', 'openjdk', 'ibm-websphere-liberty', 'yourls', 'euleros', 'mageia', 'neo4j', 'lightstreamer', 'softwareag-webmethods-microservicesruntime', 'glassfish', 'mono', 'oracle-serverjre-8', 'bleemeo', 'plone', 'nginx', 'neurodebian', 'cirros', 'photon', 'mariadb', 'solr', 'kaazing-gateway', 'rails', 'hipache', 'golang', 'jruby', 'perl', 'amazoncorretto', 'adoptopenjdk', 'node', 'swipl', 'convertigo', 'docker', 'amazonlinux', 'kapacitor', 'clojure', 'open-liberty', 'ubuntu', 'java', 'couchdb', 'ghost', 'express-gateway', 'traefik', 'consul', 'nats-streaming', 'tomee', 'gitlab-community-edition', 'alpine', 'ubuntu-debootstrap', 'bonita', 'jenkins', 'php-zendserver', 'ruby', 'elixir', 'eclipse-mosquitto', 'alt', 'cheers', 'rust', 'debian', 'r-base'}
CVE-2014-4656;ioctl;Overflow, Denial Of Service;False;1;{'nats'}
CVE-2014-4653;ioctl;Obtain Information, Denial Of Service;False;1;{'nats'}
CVE-2014-4652;ioctl;Obtain Information;False;1;{'nats'}
CVE-2014-5207;mount;Gain privileges, Denial Of Service;True;13;{'nats', 'crux', 'traefik', 'clearlinux', 'metricbeat', 'opensuse', 'yourls', 'anaconda', 'sourcemage', 'mageia', 'cheers', 'nats-streaming', 'apm-server'}
CVE-2014-5206;mount;Bypass a restriction or similar;True;13;{'nats', 'crux', 'traefik', 'clearlinux', 'metricbeat', 'opensuse', 'yourls', 'anaconda', 'sourcemage', 'mageia', 'cheers', 'nats-streaming', 'apm-server'}
CVE-2008-2931;mount;Gain privileges, Denial Of Service;True;13;{'nats', 'crux', 'traefik', 'clearlinux', 'metricbeat', 'opensuse', 'yourls', 'anaconda', 'sourcemage', 'mageia', 'cheers', 'nats-streaming', 'apm-server'}
CVE-2013-4205;unshare;Denial Of Service;True;123;{'hylang', 'httpd', 'julia', 'clearlinux', 'ibm-db2-warehouse-client-container', 'opensuse', 'odoo', 'ros', 'haskell', 'zookeeper', 'fsharp', 'ibm-security-access-manager', 'filebeat', 'crux', 'ibmjava', 'ubuntu-upstart', 'nats', 'rakudo-star', 'sonarqube', 'celery', 'heartbeat', 'redis', 'oracle-instant-client', 'anaconda', 'groovy', 'fedora', 'rabbitmq', 'nextcloud', 'kibana', 'softwareag-apigateway', 'oraclelinux', 'iojs', 'drupal', 'logstash', 'softwareag-commandcentral', 'websphere-liberty', 'sitescope', 'centos', 'jetty', 'mysql-enterprise-server', 'sl', 'django', 'sourcemage', 'erlang', 'memcached', 'couchbase', 'buildpack-deps', 'db2-developer-c-edition', 'gcc', 'geonetwork', 'skopos', 'tomcat', 'python', 'swift', 'irssi', 'mysql', 'oracle-database-enterprise-edition', 'pypy', 'mongo', 'mediawiki', 'rethinkdb', 'openjdk', 'ibm-websphere-liberty', 'yourls', 'euleros', 'mageia', 'lightstreamer', 'softwareag-webmethods-microservicesruntime', 'glassfish', 'mono', 'oracle-serverjre-8', 'bleemeo', 'plone', 'nginx', 'neurodebian', 'joomla', 'cirros', 'photon', 'postfixadmin', 'piwik', 'mariadb', 'solr', 'postgres', 'kaazing-gateway', 'rails', 'hipache', 'golang', 'jruby', 'perl', 'amazoncorretto', 'adoptopenjdk', 'node', 'nuxeo', 'swipl', 'convertigo', 'amazonlinux', 'clojure', 'wordpress', 'open-liberty', 'ubuntu', 'java', 'couchdb', 'php', 'ghost', 'owncloud', 'skaffolder-enterprise', 'tomee', 'percona', 'gitlab-community-edition', 'ubuntu-debootstrap', 'bonita', 'jenkins', 'php-zendserver', 'ruby', 'matomo', 'xwiki', 'gazebo', 'elixir', 'alt', 'cheers', 'rust', 'debian', 'r-base'}
CVE-2012-3375;epoll_ctl;Denial Of Service;False;48;{'oraclelinux', 'clearlinux', 'ibm-db2-warehouse-client-container', 'opensuse', 'yourls', 'euleros', 'mageia', 'ubuntu', 'java', 'php', 'crux', 'sitescope', 'centos', 'mono', 'mysql-enterprise-server', 'sl', 'django', 'sourcemage', 'ibmjava', 'busybox', 'oracle-serverjre-8', 'ubuntu-upstart', 'buildpack-deps', 'ubuntu-debootstrap', 'alpine', 'gcc', 'neurodebian', 'cirros', 'photon', 'oracle-instant-client', 'anaconda', 'bash', 'python', 'groovy', 'ruby', 'swift', 'rails', 'irssi', 'adminer', 'oracle-database-enterprise-edition', 'golang', 'perl', 'amazoncorretto', 'swipl', 'rust', 'debian', 'r-base', 'amazonlinux'}
CVE-2019-9857;inotify_add_watch;Denial Of Service;False;77;{'hylang', 'httpd', 'clearlinux', 'opensuse', 'ros', 'haskell', 'fsharp', 'filebeat', 'crux', 'ibmjava', 'nats', 'celery', 'heartbeat', 'oracle-instant-client', 'redis', 'apm-server', 'anaconda', 'groovy', 'rabbitmq', 'nextcloud', 'drupal', 'telegraf', 'centos', 'mysql-enterprise-server', 'sl', 'django', 'sourcemage', 'busybox', 'erlang', 'memcached', 'buildpack-deps', 'gcc', 'metricbeat', 'python', 'swift', 'irssi', 'mysql', 'pypy', 'mongo', 'mediawiki', 'rethinkdb', 'yourls', 'euleros', 'mageia', 'mono', 'oracle-serverjre-8', 'bleemeo', 'plone', 'nginx', 'neurodebian', 'joomla', 'postfixadmin', 'piwik', 'rails', 'golang', 'perl', 'amazoncorretto', 'swipl', 'amazonlinux', 'kapacitor', 'wordpress', 'ubuntu', 'java', 'couchdb', 'php', 'owncloud', 'traefik', 'nats-streaming', 'percona', 'ubuntu-debootstrap', 'ruby', 'matomo', 'elixir', 'cheers', 'rust', 'debian', 'r-base'}
CVE-2010-4250;inotify_init1;Denial Of Service;False;101;{'hylang', 'httpd', 'clearlinux', 'opensuse', 'ros', 'haskell', 'zookeeper', 'fsharp', 'filebeat', 'crux', 'ibmjava', 'nats', 'sonarqube', 'celery', 'heartbeat', 'oracle-instant-client', 'redis', 'apm-server', 'anaconda', 'groovy', 'rabbitmq', 'nextcloud', 'drupal', 'telegraf', 'logstash', 'websphere-liberty', 'centos', 'jetty', 'mysql-enterprise-server', 'sl', 'django', 'sourcemage', 'busybox', 'erlang', 'memcached', 'couchbase', 'buildpack-deps', 'gcc', 'metricbeat', 'geonetwork', 'tomcat', 'python', 'swift', 'irssi', 'mysql', 'pypy', 'mongo', 'mediawiki', 'rethinkdb', 'openjdk', 'ibm-websphere-liberty', 'yourls', 'euleros', 'mageia', 'lightstreamer', 'softwareag-webmethods-microservicesruntime', 'glassfish', 'mono', 'oracle-serverjre-8', 'bleemeo', 'plone', 'nginx', 'neurodebian', 'joomla', 'cirros', 'photon', 'postfixadmin', 'piwik', 'kaazing-gateway', 'rails', 'golang', 'jruby', 'perl', 'amazoncorretto', 'adoptopenjdk', 'swipl', 'convertigo', 'amazonlinux', 'kapacitor', 'clojure', 'wordpress', 'open-liberty', 'ubuntu', 'java', 'couchdb', 'php', 'owncloud', 'traefik', 'nats-streaming', 'tomee', 'percona', 'ubuntu-debootstrap', 'bonita', 'jenkins', 'ruby', 'matomo', 'elixir', 'cheers', 'rust', 'debian', 'r-base'}
CVE-2019-13272;ptrace;set();True;122;{'hylang', 'httpd', 'julia', 'clearlinux', 'opensuse', 'ros', 'odoo', 'haskell', 'zookeeper', 'fsharp', 'filebeat', 'crux', 'ibmjava', 'nats', 'rakudo-star', 'sonarqube', 'celery', 'heartbeat', 'redis', 'oracle-instant-client', 'anaconda', 'groovy', 'adminer', 'fedora', 'rabbitmq', 'nextcloud', 'cassandra', 'iojs', 'drupal', 'fluentd', 'websphere-liberty', 'centos', 'jetty', 'mysql-enterprise-server', 'sl', 'django', 'sourcemage', 'busybox', 'erlang', 'memcached', 'orientdb', 'buildpack-deps', 'gcc', 'geonetwork', 'skopos', 'tomcat', 'python', 'bash', 'swift', 'irssi', 'mysql', 'pypy', 'mongo', 'intersystems-iris-data-platform', 'mediawiki', 'rethinkdb', 'openjdk', 'ibm-websphere-liberty', 'yourls', 'euleros', 'mageia', 'neo4j', 'lightstreamer', 'softwareag-webmethods-microservicesruntime', 'glassfish', 'mono', 'oracle-serverjre-8', 'bleemeo', 'plone', 'nginx', 'neurodebian', 'joomla', 'cirros', 'photon', 'postfixadmin', 'piwik', 'mariadb', 'solr', 'postgres', 'kaazing-gateway', 'rails', 'hipache', 'golang', 'jruby', 'perl', 'amazoncorretto', 'adoptopenjdk', 'node', 'nuxeo', 'swipl', 'convertigo', 'docker', 'amazonlinux', 'clojure', 'wordpress', 'open-liberty', 'ubuntu', 'java', 'couchdb', 'php', 'ghost', 'express-gateway', 'owncloud', 'skaffolder-enterprise', 'tomee', 'percona', 'gitlab-community-edition', 'alpine', 'ubuntu-debootstrap', 'bonita', 'jenkins', 'php-zendserver', 'ruby', 'matomo', 'xwiki', 'elixir', 'eclipse-mosquitto', 'alt', 'cheers', 'rust', 'debian', 'r-base'}
CVE-2017-7472;keyctl, request_key, add_key;Denial Of Service;True;123;{'hylang', 'httpd', 'julia', 'clearlinux', 'ibm-db2-warehouse-client-container', 'opensuse', 'odoo', 'ros', 'haskell', 'zookeeper', 'fsharp', 'ibm-security-access-manager', 'filebeat', 'crux', 'ibmjava', 'ubuntu-upstart', 'nats', 'rakudo-star', 'sonarqube', 'celery', 'heartbeat', 'redis', 'oracle-instant-client', 'apm-server', 'anaconda', 'groovy', 'adminer', 'rabbitmq', 'vault', 'registry', 'kibana', 'cassandra', 'softwareag-apigateway', 'iojs', 'fluentd', 'telegraf', 'logstash', 'websphere-liberty', 'sitescope', 'centos', 'jetty', 'sl', 'django', 'sourcemage', 'busybox', 'erlang', 'memcached', 'orientdb', 'couchbase', 'buildpack-deps', 'db2-developer-c-edition', 'gcc', 'metricbeat', 'geonetwork', 'skopos', 'tomcat', 'python', 'bash', 'swift', 'irssi', 'mysql', 'oracle-database-enterprise-edition', 'pypy', 'mongo', 'intersystems-iris-data-platform', 'openjdk', 'ibm-websphere-liberty', 'yourls', 'euleros', 'mageia', 'neo4j', 'lightstreamer', 'softwareag-webmethods-microservicesruntime', 'glassfish', 'mono', 'oracle-serverjre-8', 'bleemeo', 'plone', 'nginx', 'neurodebian', 'cirros', 'photon', 'mariadb', 'solr', 'kaazing-gateway', 'rails', 'hipache', 'golang', 'jruby', 'perl', 'amazoncorretto', 'adoptopenjdk', 'node', 'swipl', 'convertigo', 'docker', 'amazonlinux', 'kapacitor', 'clojure', 'open-liberty', 'ubuntu', 'java', 'couchdb', 'ghost', 'express-gateway', 'traefik', 'consul', 'nats-streaming', 'tomee', 'gitlab-community-edition', 'alpine', 'ubuntu-debootstrap', 'bonita', 'jenkins', 'php-zendserver', 'ruby', 'elixir', 'eclipse-mosquitto', 'alt', 'cheers', 'rust', 'debian', 'r-base'}
CVE-2013-0871;ptrace;Gain privileges;True;122;{'hylang', 'httpd', 'julia', 'clearlinux', 'opensuse', 'ros', 'odoo', 'haskell', 'zookeeper', 'fsharp', 'filebeat', 'crux', 'ibmjava', 'nats', 'rakudo-star', 'sonarqube', 'celery', 'heartbeat', 'redis', 'oracle-instant-client', 'anaconda', 'groovy', 'adminer', 'fedora', 'rabbitmq', 'nextcloud', 'cassandra', 'iojs', 'drupal', 'fluentd', 'websphere-liberty', 'centos', 'jetty', 'mysql-enterprise-server', 'sl', 'django', 'sourcemage', 'busybox', 'erlang', 'memcached', 'orientdb', 'buildpack-deps', 'gcc', 'geonetwork', 'skopos', 'tomcat', 'python', 'bash', 'swift', 'irssi', 'mysql', 'pypy', 'mongo', 'intersystems-iris-data-platform', 'mediawiki', 'rethinkdb', 'openjdk', 'ibm-websphere-liberty', 'yourls', 'euleros', 'mageia', 'neo4j', 'lightstreamer', 'softwareag-webmethods-microservicesruntime', 'glassfish', 'mono', 'oracle-serverjre-8', 'bleemeo', 'plone', 'nginx', 'neurodebian', 'joomla', 'cirros', 'photon', 'postfixadmin', 'piwik', 'mariadb', 'solr', 'postgres', 'kaazing-gateway', 'rails', 'hipache', 'golang', 'jruby', 'perl', 'amazoncorretto', 'adoptopenjdk', 'node', 'nuxeo', 'swipl', 'convertigo', 'docker', 'amazonlinux', 'clojure', 'wordpress', 'open-liberty', 'ubuntu', 'java', 'couchdb', 'php', 'ghost', 'express-gateway', 'owncloud', 'skaffolder-enterprise', 'tomee', 'percona', 'gitlab-community-edition', 'alpine', 'ubuntu-debootstrap', 'bonita', 'jenkins', 'php-zendserver', 'ruby', 'matomo', 'xwiki', 'elixir', 'eclipse-mosquitto', 'alt', 'cheers', 'rust', 'debian', 'r-base'}
CVE-2009-1961;splice;Denial Of Service;False;57;{'mongo', 'rethinkdb', 'oraclelinux', 'openjdk', 'iojs', 'ibm-websphere-liberty', 'ibm-db2-warehouse-client-container', 'opensuse', 'fluentd', 'euleros', 'open-liberty', 'neo4j', 'java', 'ibm-security-access-manager', 'express-gateway', 'softwareag-webmethods-microservicesruntime', 'logstash', 'softwareag-commandcentral', 'websphere-liberty', 'glassfish', 'sitescope', 'centos', 'mysql-enterprise-server', 'sl', 'django', 'sourcemage', 'ibmjava', 'busybox', 'oracle-serverjre-8', 'orientdb', 'skaffolder-enterprise', 'couchbase', 'ubuntu-upstart', 'percona', 'ubuntu-debootstrap', 'db2-developer-c-edition', 'alpine', 'bonita', 'joomla', 'cirros', 'photon', 'celery', 'oracle-instant-client', 'anaconda', 'bash', 'adminer', 'php-zendserver', 'hipache', 'rails', 'oracle-database-enterprise-edition', 'amazoncorretto', 'kibana', 'cheers', 'eclipse-mosquitto', 'softwareag-apigateway', 'docker', 'amazonlinux'}
CVE-2014-7970;pivot_root;Denial Of Service;True;140;{'hylang', 'httpd', 'julia', 'clearlinux', 'ibm-db2-warehouse-client-container', 'opensuse', 'odoo', 'ros', 'haskell', 'zookeeper', 'fsharp', 'ibm-security-access-manager', 'filebeat', 'crux', 'ibmjava', 'ubuntu-upstart', 'nats', 'rakudo-star', 'sonarqube', 'celery', 'heartbeat', 'redis', 'oracle-instant-client', 'apm-server', 'anaconda', 'groovy', 'adminer', 'rabbitmq', 'vault', 'registry', 'nextcloud', 'kibana', 'cassandra', 'softwareag-apigateway', 'oraclelinux', 'iojs', 'drupal', 'fluentd', 'telegraf', 'logstash', 'softwareag-commandcentral', 'websphere-liberty', 'sitescope', 'centos', 'jetty', 'mysql-enterprise-server', 'sl', 'django', 'sourcemage', 'erlang', 'memcached', 'orientdb', 'couchbase', 'buildpack-deps', 'db2-developer-c-edition', 'gcc', 'metricbeat', 'geonetwork', 'skopos', 'tomcat', 'python', 'bash', 'swift', 'irssi', 'mysql', 'oracle-database-enterprise-edition', 'pypy', 'mongo', 'intersystems-iris-data-platform', 'mediawiki', 'rethinkdb', 'openjdk', 'ibm-websphere-liberty', 'yourls', 'euleros', 'mageia', 'neo4j', 'lightstreamer', 'softwareag-webmethods-microservicesruntime', 'glassfish', 'mono', 'oracle-serverjre-8', 'bleemeo', 'plone', 'nginx', 'neurodebian', 'joomla', 'postfixadmin', 'piwik', 'mariadb', 'solr', 'postgres', 'kaazing-gateway', 'rails', 'hipache', 'golang', 'jruby', 'perl', 'amazoncorretto', 'adoptopenjdk', 'node', 'nuxeo', 'swipl', 'convertigo', 'docker', 'amazonlinux', 'kapacitor', 'clojure', 'wordpress', 'open-liberty', 'ubuntu', 'java', 'couchdb', 'php', 'ghost', 'express-gateway', 'owncloud', 'traefik', 'consul', 'nats-streaming', 'skaffolder-enterprise', 'tomee', 'percona', 'gitlab-community-edition', 'alpine', 'ubuntu-debootstrap', 'bonita', 'jenkins', 'php-zendserver', 'ruby', 'matomo', 'xwiki', 'gazebo', 'elixir', 'eclipse-mosquitto', 'alt', 'cheers', 'rust', 'debian', 'r-base'}
CVE-2011-1090;removexattr, fsetxattr, lremovexattr, setxattr, lsetxattr, fremovexattr;Denial Of Service;False;22;{'clearlinux', 'opensuse', 'fluentd', 'mageia', 'neo4j', 'express-gateway', 'traefik', 'consul', 'sourcemage', 'nats-streaming', 'orientdb', 'nats', 'alpine', 'metricbeat', 'anaconda', 'apm-server', 'bash', 'adminer', 'registry', 'eclipse-mosquitto', 'cheers', 'docker'}
CVE-2012-6549;name_to_handle_at;Obtain Information;True;139;{'hylang', 'httpd', 'julia', 'clearlinux', 'ibm-db2-warehouse-client-container', 'opensuse', 'odoo', 'ros', 'haskell', 'zookeeper', 'fsharp', 'ibm-security-access-manager', 'filebeat', 'crux', 'ibmjava', 'ubuntu-upstart', 'nats', 'rakudo-star', 'sonarqube', 'celery', 'heartbeat', 'redis', 'oracle-instant-client', 'apm-server', 'anaconda', 'groovy', 'adminer', 'rabbitmq', 'vault', 'registry', 'nextcloud', 'kibana', 'cassandra', 'softwareag-apigateway', 'oraclelinux', 'iojs', 'drupal', 'fluentd', 'telegraf', 'logstash', 'softwareag-commandcentral', 'websphere-liberty', 'sitescope', 'centos', 'jetty', 'mysql-enterprise-server', 'sl', 'django', 'sourcemage', 'busybox', 'erlang', 'memcached', 'orientdb', 'couchbase', 'buildpack-deps', 'db2-developer-c-edition', 'gcc', 'metricbeat', 'geonetwork', 'skopos', 'tomcat', 'python', 'bash', 'swift', 'irssi', 'mysql', 'oracle-database-enterprise-edition', 'pypy', 'mongo', 'intersystems-iris-data-platform', 'mediawiki', 'rethinkdb', 'openjdk', 'ibm-websphere-liberty', 'yourls', 'euleros', 'mageia', 'neo4j', 'lightstreamer', 'softwareag-webmethods-microservicesruntime', 'glassfish', 'mono', 'oracle-serverjre-8', 'bleemeo', 'plone', 'nginx', 'neurodebian', 'joomla', 'cirros', 'photon', 'postfixadmin', 'piwik', 'mariadb', 'solr', 'postgres', 'kaazing-gateway', 'rails', 'hipache', 'golang', 'jruby', 'perl', 'amazoncorretto', 'adoptopenjdk', 'node', 'swipl', 'convertigo', 'docker', 'amazonlinux', 'kapacitor', 'clojure', 'wordpress', 'open-liberty', 'ubuntu', 'java', 'couchdb', 'php', 'ghost', 'express-gateway', 'owncloud', 'traefik', 'consul', 'nats-streaming', 'skaffolder-enterprise', 'tomee', 'percona', 'ubuntu-debootstrap', 'alpine', 'bonita', 'jenkins', 'php-zendserver', 'ruby', 'matomo', 'xwiki', 'elixir', 'eclipse-mosquitto', 'cheers', 'rust', 'debian', 'r-base'}
CVE-2010-0415;move_pages;Denial Of Service;True;141;{'hylang', 'httpd', 'julia', 'clearlinux', 'ibm-db2-warehouse-client-container', 'opensuse', 'odoo', 'ros', 'haskell', 'zookeeper', 'fsharp', 'ibm-security-access-manager', 'filebeat', 'crux', 'ibmjava', 'ubuntu-upstart', 'nats', 'rakudo-star', 'sonarqube', 'celery', 'heartbeat', 'redis', 'oracle-instant-client', 'apm-server', 'anaconda', 'groovy', 'adminer', 'fedora', 'rabbitmq', 'vault', 'registry', 'nextcloud', 'kibana', 'cassandra', 'softwareag-apigateway', 'oraclelinux', 'iojs', 'drupal', 'fluentd', 'ibm-db2-warehouse-dev', 'telegraf', 'ibm-db2-warehouse-ee', 'logstash', 'softwareag-commandcentral', 'websphere-liberty', 'sitescope', 'centos', 'jetty', 'sl', 'django', 'sourcemage', 'busybox', 'erlang', 'memcached', 'orientdb', 'buildpack-deps', 'db2-developer-c-edition', 'gcc', 'metricbeat', 'geonetwork', 'skopos', 'tomcat', 'python', 'bash', 'swift', 'irssi', 'oracle-database-enterprise-edition', 'pypy', 'mongo', 'intersystems-iris-data-platform', 'mediawiki', 'rethinkdb', 'openjdk', 'ibm-websphere-liberty', 'yourls', 'euleros', 'mageia', 'neo4j', 'lightstreamer', 'softwareag-webmethods-microservicesruntime', 'glassfish', 'mono', 'oracle-serverjre-8', 'bleemeo', 'plone', 'nginx', 'neurodebian', 'joomla', 'cirros', 'photon', 'postfixadmin', 'piwik', 'mariadb', 'solr', 'postgres', 'kaazing-gateway', 'rails', 'hipache', 'golang', 'jruby', 'perl', 'amazoncorretto', 'adoptopenjdk', 'node', 'nuxeo', 'swipl', 'convertigo', 'docker', 'amazonlinux', 'kapacitor', 'clojure', 'wordpress', 'open-liberty', 'ubuntu', 'java', 'couchdb', 'php', 'ghost', 'express-gateway', 'owncloud', 'traefik', 'consul', 'nats-streaming', 'skaffolder-enterprise', 'tomee', 'gitlab-community-edition', 'alpine', 'ubuntu-debootstrap', 'bonita', 'jenkins', 'php-zendserver', 'ruby', 'matomo', 'xwiki', 'elixir', 'eclipse-mosquitto', 'alt', 'cheers', 'rust', 'debian', 'r-base'}
CVE-2017-14140;move_pages;Obtain Information;True;141;{'hylang', 'httpd', 'julia', 'clearlinux', 'ibm-db2-warehouse-client-container', 'opensuse', 'odoo', 'ros', 'haskell', 'zookeeper', 'fsharp', 'ibm-security-access-manager', 'filebeat', 'crux', 'ibmjava', 'ubuntu-upstart', 'nats', 'rakudo-star', 'sonarqube', 'celery', 'heartbeat', 'redis', 'oracle-instant-client', 'apm-server', 'anaconda', 'groovy', 'adminer', 'fedora', 'rabbitmq', 'vault', 'registry', 'nextcloud', 'kibana', 'cassandra', 'softwareag-apigateway', 'oraclelinux', 'iojs', 'drupal', 'fluentd', 'ibm-db2-warehouse-dev', 'telegraf', 'ibm-db2-warehouse-ee', 'logstash', 'softwareag-commandcentral', 'websphere-liberty', 'sitescope', 'centos', 'jetty', 'sl', 'django', 'sourcemage', 'busybox', 'erlang', 'memcached', 'orientdb', 'buildpack-deps', 'db2-developer-c-edition', 'gcc', 'metricbeat', 'geonetwork', 'skopos', 'tomcat', 'python', 'bash', 'swift', 'irssi', 'oracle-database-enterprise-edition', 'pypy', 'mongo', 'intersystems-iris-data-platform', 'mediawiki', 'rethinkdb', 'openjdk', 'ibm-websphere-liberty', 'yourls', 'euleros', 'mageia', 'neo4j', 'lightstreamer', 'softwareag-webmethods-microservicesruntime', 'glassfish', 'mono', 'oracle-serverjre-8', 'bleemeo', 'plone', 'nginx', 'neurodebian', 'joomla', 'cirros', 'photon', 'postfixadmin', 'piwik', 'mariadb', 'solr', 'postgres', 'kaazing-gateway', 'rails', 'hipache', 'golang', 'jruby', 'perl', 'amazoncorretto', 'adoptopenjdk', 'node', 'nuxeo', 'swipl', 'convertigo', 'docker', 'amazonlinux', 'kapacitor', 'clojure', 'wordpress', 'open-liberty', 'ubuntu', 'java', 'couchdb', 'php', 'ghost', 'express-gateway', 'owncloud', 'traefik', 'consul', 'nats-streaming', 'skaffolder-enterprise', 'tomee', 'gitlab-community-edition', 'alpine', 'ubuntu-debootstrap', 'bonita', 'jenkins', 'php-zendserver', 'ruby', 'matomo', 'xwiki', 'elixir', 'eclipse-mosquitto', 'alt', 'cheers', 'rust', 'debian', 'r-base'}
CVE-2017-18208;madvise;Denial Of Service;False;1;{'busybox'}
CVE-2012-3511;madvise;Denial Of Service;False;1;{'busybox'}
CVE-2017-6001;perf_event_open;Gain privileges;True;146;{'hylang', 'httpd', 'julia', 'clearlinux', 'ibm-db2-warehouse-client-container', 'opensuse', 'odoo', 'ros', 'haskell', 'zookeeper', 'fsharp', 'ibm-security-access-manager', 'filebeat', 'crux', 'ibmjava', 'ubuntu-upstart', 'nats', 'rakudo-star', 'sonarqube', 'celery', 'heartbeat', 'redis', 'oracle-instant-client', 'apm-server', 'anaconda', 'groovy', 'adminer', 'fedora', 'rabbitmq', 'vault', 'registry', 'nextcloud', 'kibana', 'cassandra', 'softwareag-apigateway', 'oraclelinux', 'iojs', 'drupal', 'fluentd', 'ibm-db2-warehouse-dev', 'telegraf', 'ibm-db2-warehouse-ee', 'logstash', 'softwareag-commandcentral', 'websphere-liberty', 'sitescope', 'centos', 'jetty', 'mysql-enterprise-server', 'sl', 'django', 'sourcemage', 'busybox', 'erlang', 'memcached', 'orientdb', 'couchbase', 'buildpack-deps', 'db2-developer-c-edition', 'gcc', 'metricbeat', 'geonetwork', 'skopos', 'tomcat', 'python', 'bash', 'swift', 'irssi', 'mysql', 'oracle-database-enterprise-edition', 'pypy', 'mongo', 'intersystems-iris-data-platform', 'mediawiki', 'rethinkdb', 'openjdk', 'ibm-websphere-liberty', 'yourls', 'euleros', 'mageia', 'neo4j', 'lightstreamer', 'softwareag-webmethods-microservicesruntime', 'glassfish', 'mono', 'oracle-serverjre-8', 'bleemeo', 'plone', 'nginx', 'neurodebian', 'joomla', 'cirros', 'photon', 'postfixadmin', 'piwik', 'mariadb', 'solr', 'postgres', 'kaazing-gateway', 'rails', 'hipache', 'golang', 'jruby', 'perl', 'amazoncorretto', 'adoptopenjdk', 'node', 'nuxeo', 'swipl', 'convertigo', 'docker', 'amazonlinux', 'kapacitor', 'clojure', 'wordpress', 'open-liberty', 'ubuntu', 'java', 'couchdb', 'php', 'ghost', 'express-gateway', 'owncloud', 'traefik', 'consul', 'nats-streaming', 'skaffolder-enterprise', 'tomee', 'percona', 'gitlab-community-edition', 'alpine', 'ubuntu-debootstrap', 'bonita', 'jenkins', 'php-zendserver', 'ruby', 'matomo', 'xwiki', 'gazebo', 'elixir', 'eclipse-mosquitto', 'alt', 'cheers', 'rust', 'debian', 'r-base'}
CVE-2011-1182;rt_sigqueueinfo, rt_tgsigqueueinfo;set();False;140;{'hylang', 'httpd', 'julia', 'clearlinux', 'ibm-db2-warehouse-client-container', 'opensuse', 'odoo', 'ros', 'haskell', 'zookeeper', 'fsharp', 'ibm-security-access-manager', 'filebeat', 'crux', 'ibmjava', 'ubuntu-upstart', 'nats', 'rakudo-star', 'sonarqube', 'celery', 'heartbeat', 'redis', 'oracle-instant-client', 'apm-server', 'anaconda', 'groovy', 'fedora', 'rabbitmq', 'vault', 'registry', 'nextcloud', 'kibana', 'cassandra', 'softwareag-apigateway', 'oraclelinux', 'iojs', 'drupal', 'fluentd', 'ibm-db2-warehouse-dev', 'telegraf', 'ibm-db2-warehouse-ee', 'logstash', 'softwareag-commandcentral', 'sitescope', 'centos', 'jetty', 'mysql-enterprise-server', 'sl', 'django', 'sourcemage', 'busybox', 'erlang', 'memcached', 'orientdb', 'couchbase', 'buildpack-deps', 'gcc', 'metricbeat', 'geonetwork', 'skopos', 'tomcat', 'python', 'bash', 'swift', 'irssi', 'mysql', 'oracle-database-enterprise-edition', 'pypy', 'mongo', 'intersystems-iris-data-platform', 'mediawiki', 'rethinkdb', 'openjdk', 'yourls', 'euleros', 'mageia', 'neo4j', 'lightstreamer', 'softwareag-webmethods-microservicesruntime', 'glassfish', 'mono', 'oracle-serverjre-8', 'bleemeo', 'plone', 'nginx', 'neurodebian', 'joomla', 'cirros', 'photon', 'postfixadmin', 'piwik', 'mariadb', 'solr', 'postgres', 'kaazing-gateway', 'rails', 'hipache', 'golang', 'jruby', 'perl', 'amazoncorretto', 'adoptopenjdk', 'node', 'nuxeo', 'swipl', 'convertigo', 'docker', 'amazonlinux', 'kapacitor', 'clojure', 'wordpress', 'ubuntu', 'java', 'couchdb', 'php', 'ghost', 'express-gateway', 'owncloud', 'traefik', 'consul', 'nats-streaming', 'skaffolder-enterprise', 'tomee', 'percona', 'gitlab-community-edition', 'alpine', 'ubuntu-debootstrap', 'bonita', 'jenkins', 'php-zendserver', 'ruby', 'matomo', 'xwiki', 'gazebo', 'elixir', 'alt', 'cheers', 'rust', 'debian', 'r-base'}
CVE-2010-4083;semctl;Obtain Information;False;97;{'hylang', 'julia', 'clearlinux', 'opensuse', 'ros', 'odoo', 'haskell', 'zookeeper', 'fsharp', 'filebeat', 'crux', 'ibmjava', 'ubuntu-upstart', 'nats', 'rakudo-star', 'sonarqube', 'celery', 'heartbeat', 'redis', 'oracle-instant-client', 'apm-server', 'anaconda', 'groovy', 'rabbitmq', 'cassandra', 'softwareag-apigateway', 'iojs', 'telegraf', 'sitescope', 'centos', 'jetty', 'mysql-enterprise-server', 'sl', 'django', 'sourcemage', 'erlang', 'memcached', 'couchbase', 'buildpack-deps', 'gcc', 'metricbeat', 'skopos', 'python', 'swift', 'mysql', 'pypy', 'mongo', 'rethinkdb', 'openjdk', 'yourls', 'euleros', 'mageia', 'lightstreamer', 'softwareag-webmethods-microservicesruntime', 'glassfish', 'mono', 'oracle-serverjre-8', 'bleemeo', 'plone', 'nginx', 'neurodebian', 'photon', 'mariadb', 'solr', 'postgres', 'kaazing-gateway', 'rails', 'hipache', 'golang', 'jruby', 'amazoncorretto', 'adoptopenjdk', 'node', 'swipl', 'convertigo', 'amazonlinux', 'kapacitor', 'clojure', 'ubuntu', 'java', 'couchdb', 'php', 'ghost', 'traefik', 'nats-streaming', 'skaffolder-enterprise', 'tomee', 'percona', 'ubuntu-debootstrap', 'bonita', 'jenkins', 'ruby', 'elixir', 'cheers', 'rust', 'debian', 'r-base'}
CVE-2012-1097;ptrace;Denial Of Service;True;122;{'hylang', 'httpd', 'julia', 'clearlinux', 'opensuse', 'ros', 'odoo', 'haskell', 'zookeeper', 'fsharp', 'filebeat', 'crux', 'ibmjava', 'nats', 'rakudo-star', 'sonarqube', 'celery', 'heartbeat', 'redis', 'oracle-instant-client', 'anaconda', 'groovy', 'adminer', 'fedora', 'rabbitmq', 'nextcloud', 'cassandra', 'iojs', 'drupal', 'fluentd', 'websphere-liberty', 'centos', 'jetty', 'mysql-enterprise-server', 'sl', 'django', 'sourcemage', 'busybox', 'erlang', 'memcached', 'orientdb', 'buildpack-deps', 'gcc', 'geonetwork', 'skopos', 'tomcat', 'python', 'bash', 'swift', 'irssi', 'mysql', 'pypy', 'mongo', 'intersystems-iris-data-platform', 'mediawiki', 'rethinkdb', 'openjdk', 'ibm-websphere-liberty', 'yourls', 'euleros', 'mageia', 'neo4j', 'lightstreamer', 'softwareag-webmethods-microservicesruntime', 'glassfish', 'mono', 'oracle-serverjre-8', 'bleemeo', 'plone', 'nginx', 'neurodebian', 'joomla', 'cirros', 'photon', 'postfixadmin', 'piwik', 'mariadb', 'solr', 'postgres', 'kaazing-gateway', 'rails', 'hipache', 'golang', 'jruby', 'perl', 'amazoncorretto', 'adoptopenjdk', 'node', 'nuxeo', 'swipl', 'convertigo', 'docker', 'amazonlinux', 'clojure', 'wordpress', 'open-liberty', 'ubuntu', 'java', 'couchdb', 'php', 'ghost', 'express-gateway', 'owncloud', 'skaffolder-enterprise', 'tomee', 'percona', 'gitlab-community-edition', 'alpine', 'ubuntu-debootstrap', 'bonita', 'jenkins', 'php-zendserver', 'ruby', 'matomo', 'xwiki', 'elixir', 'eclipse-mosquitto', 'alt', 'cheers', 'rust', 'debian', 'r-base'}
CVE-2009-1527;ptrace;Gain privileges;True;122;{'hylang', 'httpd', 'julia', 'clearlinux', 'opensuse', 'ros', 'odoo', 'haskell', 'zookeeper', 'fsharp', 'filebeat', 'crux', 'ibmjava', 'nats', 'rakudo-star', 'sonarqube', 'celery', 'heartbeat', 'redis', 'oracle-instant-client', 'anaconda', 'groovy', 'adminer', 'fedora', 'rabbitmq', 'nextcloud', 'cassandra', 'iojs', 'drupal', 'fluentd', 'websphere-liberty', 'centos', 'jetty', 'mysql-enterprise-server', 'sl', 'django', 'sourcemage', 'busybox', 'erlang', 'memcached', 'orientdb', 'buildpack-deps', 'gcc', 'geonetwork', 'skopos', 'tomcat', 'python', 'bash', 'swift', 'irssi', 'mysql', 'pypy', 'mongo', 'intersystems-iris-data-platform', 'mediawiki', 'rethinkdb', 'openjdk', 'ibm-websphere-liberty', 'yourls', 'euleros', 'mageia', 'neo4j', 'lightstreamer', 'softwareag-webmethods-microservicesruntime', 'glassfish', 'mono', 'oracle-serverjre-8', 'bleemeo', 'plone', 'nginx', 'neurodebian', 'joomla', 'cirros', 'photon', 'postfixadmin', 'piwik', 'mariadb', 'solr', 'postgres', 'kaazing-gateway', 'rails', 'hipache', 'golang', 'jruby', 'perl', 'amazoncorretto', 'adoptopenjdk', 'node', 'nuxeo', 'swipl', 'convertigo', 'docker', 'amazonlinux', 'clojure', 'wordpress', 'open-liberty', 'ubuntu', 'java', 'couchdb', 'php', 'ghost', 'express-gateway', 'owncloud', 'skaffolder-enterprise', 'tomee', 'percona', 'gitlab-community-edition', 'alpine', 'ubuntu-debootstrap', 'bonita', 'jenkins', 'php-zendserver', 'ruby', 'matomo', 'xwiki', 'elixir', 'eclipse-mosquitto', 'alt', 'cheers', 'rust', 'debian', 'r-base'}
CVE-2014-9870;ptrace;Gain privileges;True;122;{'hylang', 'httpd', 'julia', 'clearlinux', 'opensuse', 'ros', 'odoo', 'haskell', 'zookeeper', 'fsharp', 'filebeat', 'crux', 'ibmjava', 'nats', 'rakudo-star', 'sonarqube', 'celery', 'heartbeat', 'redis', 'oracle-instant-client', 'anaconda', 'groovy', 'adminer', 'fedora', 'rabbitmq', 'nextcloud', 'cassandra', 'iojs', 'drupal', 'fluentd', 'websphere-liberty', 'centos', 'jetty', 'mysql-enterprise-server', 'sl', 'django', 'sourcemage', 'busybox', 'erlang', 'memcached', 'orientdb', 'buildpack-deps', 'gcc', 'geonetwork', 'skopos', 'tomcat', 'python', 'bash', 'swift', 'irssi', 'mysql', 'pypy', 'mongo', 'intersystems-iris-data-platform', 'mediawiki', 'rethinkdb', 'openjdk', 'ibm-websphere-liberty', 'yourls', 'euleros', 'mageia', 'neo4j', 'lightstreamer', 'softwareag-webmethods-microservicesruntime', 'glassfish', 'mono', 'oracle-serverjre-8', 'bleemeo', 'plone', 'nginx', 'neurodebian', 'joomla', 'cirros', 'photon', 'postfixadmin', 'piwik', 'mariadb', 'solr', 'postgres', 'kaazing-gateway', 'rails', 'hipache', 'golang', 'jruby', 'perl', 'amazoncorretto', 'adoptopenjdk', 'node', 'nuxeo', 'swipl', 'convertigo', 'docker', 'amazonlinux', 'clojure', 'wordpress', 'open-liberty', 'ubuntu', 'java', 'couchdb', 'php', 'ghost', 'express-gateway', 'owncloud', 'skaffolder-enterprise', 'tomee', 'percona', 'gitlab-community-edition', 'alpine', 'ubuntu-debootstrap', 'bonita', 'jenkins', 'php-zendserver', 'ruby', 'matomo', 'xwiki', 'elixir', 'eclipse-mosquitto', 'alt', 'cheers', 'rust', 'debian', 'r-base'}
CVE-2010-3066;io_submit;Denial Of Service;False;142;{'hylang', 'httpd', 'julia', 'clearlinux', 'ibm-db2-warehouse-client-container', 'opensuse', 'odoo', 'ros', 'haskell', 'zookeeper', 'fsharp', 'ibm-security-access-manager', 'filebeat', 'crux', 'ibmjava', 'ubuntu-upstart', 'nats', 'rakudo-star', 'sonarqube', 'celery', 'heartbeat', 'redis', 'oracle-instant-client', 'apm-server', 'anaconda', 'groovy', 'adminer', 'fedora', 'rabbitmq', 'vault', 'registry', 'nextcloud', 'kibana', 'cassandra', 'softwareag-apigateway', 'oraclelinux', 'iojs', 'drupal', 'fluentd', 'ibm-db2-warehouse-dev', 'telegraf', 'ibm-db2-warehouse-ee', 'logstash', 'softwareag-commandcentral', 'websphere-liberty', 'sitescope', 'centos', 'jetty', 'sl', 'django', 'sourcemage', 'busybox', 'erlang', 'memcached', 'orientdb', 'couchbase', 'buildpack-deps', 'db2-developer-c-edition', 'gcc', 'metricbeat', 'geonetwork', 'skopos', 'tomcat', 'python', 'bash', 'swift', 'irssi', 'oracle-database-enterprise-edition', 'pypy', 'mongo', 'intersystems-iris-data-platform', 'mediawiki', 'rethinkdb', 'openjdk', 'ibm-websphere-liberty', 'yourls', 'euleros', 'mageia', 'neo4j', 'lightstreamer', 'softwareag-webmethods-microservicesruntime', 'glassfish', 'mono', 'oracle-serverjre-8', 'bleemeo', 'plone', 'nginx', 'neurodebian', 'joomla', 'cirros', 'photon', 'postfixadmin', 'piwik', 'solr', 'postgres', 'kaazing-gateway', 'rails', 'hipache', 'golang', 'jruby', 'perl', 'amazoncorretto', 'adoptopenjdk', 'node', 'nuxeo', 'swipl', 'convertigo', 'docker', 'amazonlinux', 'kapacitor', 'clojure', 'wordpress', 'open-liberty', 'ubuntu', 'java', 'couchdb', 'php', 'ghost', 'express-gateway', 'owncloud', 'traefik', 'consul', 'nats-streaming', 'skaffolder-enterprise', 'tomee', 'gitlab-community-edition', 'alpine', 'ubuntu-debootstrap', 'bonita', 'jenkins', 'php-zendserver', 'ruby', 'matomo', 'xwiki', 'gazebo', 'elixir', 'eclipse-mosquitto', 'alt', 'cheers', 'rust', 'debian', 'r-base'}
CVE-2010-4072;shmctl;Obtain Information;False;71;{'hylang', 'rethinkdb', 'iojs', 'julia', 'clearlinux', 'kapacitor', 'opensuse', 'ros', 'yourls', 'euleros', 'mageia', 'ubuntu', 'java', 'telegraf', 'couchdb', 'haskell', 'fsharp', 'php', 'ghost', 'filebeat', 'crux', 'sitescope', 'traefik', 'centos', 'mono', 'sl', 'django', 'sourcemage', 'ibmjava', 'erlang', 'memcached', 'oracle-serverjre-8', 'nats-streaming', 'couchbase', 'ubuntu-upstart', 'skaffolder-enterprise', 'bleemeo', 'buildpack-deps', 'plone', 'nats', 'ubuntu-debootstrap', 'gcc', 'nginx', 'neurodebian', 'metricbeat', 'rakudo-star', 'skopos', 'photon', 'celery', 'heartbeat', 'oracle-instant-client', 'redis', 'apm-server', 'anaconda', 'python', 'swift', 'ruby', 'hipache', 'rails', 'rabbitmq', 'golang', 'amazoncorretto', 'node', 'elixir', 'cheers', 'swipl', 'rust', 'debian', 'r-base', 'pypy', 'amazonlinux'}
CVE-2009-0859;shmctl;Denial Of Service;False;71;{'hylang', 'rethinkdb', 'iojs', 'julia', 'clearlinux', 'kapacitor', 'opensuse', 'ros', 'yourls', 'euleros', 'mageia', 'ubuntu', 'java', 'telegraf', 'couchdb', 'haskell', 'fsharp', 'php', 'ghost', 'filebeat', 'crux', 'sitescope', 'traefik', 'centos', 'mono', 'sl', 'django', 'sourcemage', 'ibmjava', 'erlang', 'memcached', 'oracle-serverjre-8', 'nats-streaming', 'couchbase', 'ubuntu-upstart', 'skaffolder-enterprise', 'bleemeo', 'buildpack-deps', 'plone', 'nats', 'ubuntu-debootstrap', 'gcc', 'nginx', 'neurodebian', 'metricbeat', 'rakudo-star', 'skopos', 'photon', 'celery', 'heartbeat', 'oracle-instant-client', 'redis', 'apm-server', 'anaconda', 'python', 'swift', 'ruby', 'hipache', 'rails', 'rabbitmq', 'golang', 'amazoncorretto', 'node', 'elixir', 'cheers', 'swipl', 'rust', 'debian', 'r-base', 'pypy', 'amazonlinux'}
CVE-2018-18710;ioctl;Obtain Information;False;1;{'nats'}
CVE-2011-4127;ioctl;Bypass a restriction or similar;False;1;{'nats'}
CVE-2018-10940;ioctl;Overflow;False;1;{'nats'}
CVE-2018-16658;ioctl;Obtain Information;False;1;{'nats'}
CVE-2015-5697;ioctl;Obtain Information;False;1;{'nats'}
CVE-2017-15274;keyctl, add_key;Denial Of Service;True;123;{'hylang', 'httpd', 'julia', 'clearlinux', 'ibm-db2-warehouse-client-container', 'opensuse', 'odoo', 'ros', 'haskell', 'zookeeper', 'fsharp', 'ibm-security-access-manager', 'filebeat', 'crux', 'ibmjava', 'ubuntu-upstart', 'nats', 'rakudo-star', 'sonarqube', 'celery', 'heartbeat', 'redis', 'oracle-instant-client', 'apm-server', 'anaconda', 'groovy', 'adminer', 'rabbitmq', 'vault', 'registry', 'kibana', 'cassandra', 'softwareag-apigateway', 'iojs', 'fluentd', 'telegraf', 'logstash', 'websphere-liberty', 'sitescope', 'centos', 'jetty', 'sl', 'django', 'sourcemage', 'busybox', 'erlang', 'memcached', 'orientdb', 'couchbase', 'buildpack-deps', 'db2-developer-c-edition', 'gcc', 'metricbeat', 'geonetwork', 'skopos', 'tomcat', 'python', 'bash', 'swift', 'irssi', 'mysql', 'oracle-database-enterprise-edition', 'pypy', 'mongo', 'intersystems-iris-data-platform', 'openjdk', 'ibm-websphere-liberty', 'yourls', 'euleros', 'mageia', 'neo4j', 'lightstreamer', 'softwareag-webmethods-microservicesruntime', 'glassfish', 'mono', 'oracle-serverjre-8', 'bleemeo', 'plone', 'nginx', 'neurodebian', 'cirros', 'photon', 'mariadb', 'solr', 'kaazing-gateway', 'rails', 'hipache', 'golang', 'jruby', 'perl', 'amazoncorretto', 'adoptopenjdk', 'node', 'swipl', 'convertigo', 'docker', 'amazonlinux', 'kapacitor', 'clojure', 'open-liberty', 'ubuntu', 'java', 'couchdb', 'ghost', 'express-gateway', 'traefik', 'consul', 'nats-streaming', 'tomee', 'gitlab-community-edition', 'alpine', 'ubuntu-debootstrap', 'bonita', 'jenkins', 'php-zendserver', 'ruby', 'elixir', 'eclipse-mosquitto', 'alt', 'cheers', 'rust', 'debian', 'r-base'}
CVE-2016-0728;keyctl, request_key, add_key;Overflow, Gain privileges, Denial Of Service;True;123;{'hylang', 'httpd', 'julia', 'clearlinux', 'ibm-db2-warehouse-client-container', 'opensuse', 'odoo', 'ros', 'haskell', 'zookeeper', 'fsharp', 'ibm-security-access-manager', 'filebeat', 'crux', 'ibmjava', 'ubuntu-upstart', 'nats', 'rakudo-star', 'sonarqube', 'celery', 'heartbeat', 'redis', 'oracle-instant-client', 'apm-server', 'anaconda', 'groovy', 'adminer', 'rabbitmq', 'vault', 'registry', 'kibana', 'cassandra', 'softwareag-apigateway', 'iojs', 'fluentd', 'telegraf', 'logstash', 'websphere-liberty', 'sitescope', 'centos', 'jetty', 'sl', 'django', 'sourcemage', 'busybox', 'erlang', 'memcached', 'orientdb', 'couchbase', 'buildpack-deps', 'db2-developer-c-edition', 'gcc', 'metricbeat', 'geonetwork', 'skopos', 'tomcat', 'python', 'bash', 'swift', 'irssi', 'mysql', 'oracle-database-enterprise-edition', 'pypy', 'mongo', 'intersystems-iris-data-platform', 'openjdk', 'ibm-websphere-liberty', 'yourls', 'euleros', 'mageia', 'neo4j', 'lightstreamer', 'softwareag-webmethods-microservicesruntime', 'glassfish', 'mono', 'oracle-serverjre-8', 'bleemeo', 'plone', 'nginx', 'neurodebian', 'cirros', 'photon', 'mariadb', 'solr', 'kaazing-gateway', 'rails', 'hipache', 'golang', 'jruby', 'perl', 'amazoncorretto', 'adoptopenjdk', 'node', 'swipl', 'convertigo', 'docker', 'amazonlinux', 'kapacitor', 'clojure', 'open-liberty', 'ubuntu', 'java', 'couchdb', 'ghost', 'express-gateway', 'traefik', 'consul', 'nats-streaming', 'tomee', 'gitlab-community-edition', 'alpine', 'ubuntu-debootstrap', 'bonita', 'jenkins', 'php-zendserver', 'ruby', 'elixir', 'eclipse-mosquitto', 'alt', 'cheers', 'rust', 'debian', 'r-base'}
CVE-2016-7911;ioprio_get;Gain privileges, Denial Of Service;False;131;{'hylang', 'httpd', 'julia', 'clearlinux', 'ibm-db2-warehouse-client-container', 'opensuse', 'odoo', 'ros', 'haskell', 'zookeeper', 'fsharp', 'ibm-security-access-manager', 'filebeat', 'crux', 'ibmjava', 'ubuntu-upstart', 'nats', 'rakudo-star', 'sonarqube', 'celery', 'heartbeat', 'redis', 'oracle-instant-client', 'apm-server', 'anaconda', 'groovy', 'fedora', 'rabbitmq', 'nextcloud', 'kibana', 'cassandra', 'softwareag-apigateway', 'oraclelinux', 'iojs', 'drupal', 'telegraf', 'logstash', 'softwareag-commandcentral', 'websphere-liberty', 'sitescope', 'centos', 'jetty', 'mysql-enterprise-server', 'sl', 'django', 'sourcemage', 'busybox', 'erlang', 'memcached', 'couchbase', 'buildpack-deps', 'db2-developer-c-edition', 'gcc', 'metricbeat', 'geonetwork', 'skopos', 'tomcat', 'python', 'swift', 'irssi', 'mysql', 'oracle-database-enterprise-edition', 'pypy', 'mongo', 'intersystems-iris-data-platform', 'mediawiki', 'rethinkdb', 'openjdk', 'ibm-websphere-liberty', 'yourls', 'euleros', 'mageia', 'lightstreamer', 'softwareag-webmethods-microservicesruntime', 'glassfish', 'mono', 'oracle-serverjre-8', 'bleemeo', 'plone', 'nginx', 'neurodebian', 'joomla', 'cirros', 'postfixadmin', 'piwik', 'mariadb', 'solr', 'postgres', 'kaazing-gateway', 'rails', 'hipache', 'golang', 'jruby', 'perl', 'amazoncorretto', 'adoptopenjdk', 'node', 'nuxeo', 'swipl', 'convertigo', 'amazonlinux', 'kapacitor', 'clojure', 'wordpress', 'open-liberty', 'ubuntu', 'java', 'couchdb', 'php', 'ghost', 'owncloud', 'traefik', 'nats-streaming', 'skaffolder-enterprise', 'tomee', 'percona', 'gitlab-community-edition', 'ubuntu-debootstrap', 'bonita', 'jenkins', 'php-zendserver', 'ruby', 'matomo', 'xwiki', 'gazebo', 'elixir', 'alt', 'cheers', 'rust', 'debian', 'r-base'}
CVE-2017-11176;mq_notify;Denial Of Service;False;146;{'hylang', 'httpd', 'julia', 'clearlinux', 'ibm-db2-warehouse-client-container', 'opensuse', 'odoo', 'ros', 'haskell', 'zookeeper', 'fsharp', 'ibm-security-access-manager', 'filebeat', 'crux', 'ibmjava', 'ubuntu-upstart', 'nats', 'rakudo-star', 'sonarqube', 'celery', 'heartbeat', 'redis', 'oracle-instant-client', 'apm-server', 'anaconda', 'groovy', 'adminer', 'fedora', 'rabbitmq', 'vault', 'registry', 'nextcloud', 'kibana', 'cassandra', 'softwareag-apigateway', 'oraclelinux', 'iojs', 'drupal', 'fluentd', 'ibm-db2-warehouse-dev', 'telegraf', 'ibm-db2-warehouse-ee', 'logstash', 'softwareag-commandcentral', 'websphere-liberty', 'sitescope', 'centos', 'jetty', 'mysql-enterprise-server', 'sl', 'django', 'sourcemage', 'busybox', 'erlang', 'memcached', 'orientdb', 'couchbase', 'buildpack-deps', 'db2-developer-c-edition', 'gcc', 'metricbeat', 'geonetwork', 'skopos', 'tomcat', 'python', 'bash', 'swift', 'irssi', 'mysql', 'oracle-database-enterprise-edition', 'pypy', 'mongo', 'intersystems-iris-data-platform', 'mediawiki', 'rethinkdb', 'openjdk', 'ibm-websphere-liberty', 'yourls', 'euleros', 'mageia', 'neo4j', 'lightstreamer', 'softwareag-webmethods-microservicesruntime', 'glassfish', 'mono', 'oracle-serverjre-8', 'bleemeo', 'plone', 'nginx', 'neurodebian', 'joomla', 'cirros', 'photon', 'postfixadmin', 'piwik', 'mariadb', 'solr', 'postgres', 'kaazing-gateway', 'rails', 'hipache', 'golang', 'jruby', 'perl', 'amazoncorretto', 'adoptopenjdk', 'node', 'nuxeo', 'swipl', 'convertigo', 'docker', 'amazonlinux', 'kapacitor', 'clojure', 'wordpress', 'open-liberty', 'ubuntu', 'java', 'couchdb', 'php', 'ghost', 'express-gateway', 'owncloud', 'traefik', 'consul', 'nats-streaming', 'skaffolder-enterprise', 'tomee', 'percona', 'gitlab-community-edition', 'alpine', 'ubuntu-debootstrap', 'bonita', 'jenkins', 'php-zendserver', 'ruby', 'matomo', 'xwiki', 'gazebo', 'elixir', 'eclipse-mosquitto', 'alt', 'cheers', 'rust', 'debian', 'r-base'}
CVE-2018-10675;get_mempolicy;Denial Of Service;True;116;{'hylang', 'httpd', 'julia', 'clearlinux', 'ibm-db2-warehouse-client-container', 'opensuse', 'odoo', 'ros', 'haskell', 'fsharp', 'ibm-security-access-manager', 'filebeat', 'crux', 'ibmjava', 'ubuntu-upstart', 'nats', 'rakudo-star', 'celery', 'heartbeat', 'redis', 'oracle-instant-client', 'apm-server', 'anaconda', 'adminer', 'fedora', 'rabbitmq', 'vault', 'registry', 'nextcloud', 'kibana', 'cassandra', 'softwareag-apigateway', 'oraclelinux', 'iojs', 'drupal', 'fluentd', 'ibm-db2-warehouse-dev', 'telegraf', 'ibm-db2-warehouse-ee', 'sitescope', 'centos', 'sl', 'django', 'sourcemage', 'busybox', 'erlang', 'memcached', 'couchbase', 'buildpack-deps', 'db2-developer-c-edition', 'gcc', 'metricbeat', 'skopos', 'bash', 'python', 'swift', 'irssi', 'mysql', 'oracle-database-enterprise-edition', 'pypy', 'mongo', 'intersystems-iris-data-platform', 'mediawiki', 'rethinkdb', 'yourls', 'euleros', 'mageia', 'mono', 'oracle-serverjre-8', 'bleemeo', 'plone', 'nginx', 'neurodebian', 'joomla', 'cirros', 'photon', 'postfixadmin', 'piwik', 'mariadb', 'postgres', 'hipache', 'rails', 'golang', 'perl', 'amazoncorretto', 'node', 'swipl', 'docker', 'amazonlinux', 'kapacitor', 'wordpress', 'ubuntu', 'java', 'couchdb', 'php', 'ghost', 'express-gateway', 'owncloud', 'traefik', 'consul', 'nats-streaming', 'skaffolder-enterprise', 'gitlab-community-edition', 'alpine', 'ubuntu-debootstrap', 'php-zendserver', 'ruby', 'matomo', 'gazebo', 'elixir', 'eclipse-mosquitto', 'alt', 'cheers', 'rust', 'debian', 'r-base'}
CVE-2010-3877;open_by_handle_at;Obtain Information;True;146;{'hylang', 'httpd', 'julia', 'clearlinux', 'ibm-db2-warehouse-client-container', 'opensuse', 'odoo', 'ros', 'haskell', 'zookeeper', 'fsharp', 'ibm-security-access-manager', 'filebeat', 'crux', 'ibmjava', 'ubuntu-upstart', 'nats', 'rakudo-star', 'sonarqube', 'celery', 'heartbeat', 'redis', 'oracle-instant-client', 'apm-server', 'anaconda', 'groovy', 'adminer', 'fedora', 'rabbitmq', 'vault', 'registry', 'nextcloud', 'kibana', 'cassandra', 'softwareag-apigateway', 'oraclelinux', 'iojs', 'drupal', 'fluentd', 'ibm-db2-warehouse-dev', 'telegraf', 'ibm-db2-warehouse-ee', 'logstash', 'softwareag-commandcentral', 'websphere-liberty', 'sitescope', 'centos', 'jetty', 'mysql-enterprise-server', 'sl', 'django', 'sourcemage', 'busybox', 'erlang', 'memcached', 'orientdb', 'couchbase', 'buildpack-deps', 'db2-developer-c-edition', 'gcc', 'metricbeat', 'geonetwork', 'skopos', 'tomcat', 'python', 'bash', 'swift', 'irssi', 'mysql', 'oracle-database-enterprise-edition', 'pypy', 'mongo', 'intersystems-iris-data-platform', 'mediawiki', 'rethinkdb', 'openjdk', 'ibm-websphere-liberty', 'yourls', 'euleros', 'mageia', 'neo4j', 'lightstreamer', 'softwareag-webmethods-microservicesruntime', 'glassfish', 'mono', 'oracle-serverjre-8', 'bleemeo', 'plone', 'nginx', 'neurodebian', 'joomla', 'cirros', 'photon', 'postfixadmin', 'piwik', 'mariadb', 'solr', 'postgres', 'kaazing-gateway', 'rails', 'hipache', 'golang', 'jruby', 'perl', 'amazoncorretto', 'adoptopenjdk', 'node', 'nuxeo', 'swipl', 'convertigo', 'docker', 'amazonlinux', 'kapacitor', 'clojure', 'wordpress', 'open-liberty', 'ubuntu', 'java', 'couchdb', 'php', 'ghost', 'express-gateway', 'owncloud', 'traefik', 'consul', 'nats-streaming', 'skaffolder-enterprise', 'tomee', 'percona', 'gitlab-community-edition', 'alpine', 'ubuntu-debootstrap', 'bonita', 'jenkins', 'php-zendserver', 'ruby', 'matomo', 'xwiki', 'gazebo', 'elixir', 'eclipse-mosquitto', 'alt', 'cheers', 'rust', 'debian', 'r-base'}
CVE-2009-1192;ioctl;Obtain Information;False;1;{'nats'}
CVE-2017-12192;keyctl;Denial Of Service;True;123;{'hylang', 'httpd', 'julia', 'clearlinux', 'ibm-db2-warehouse-client-container', 'opensuse', 'odoo', 'ros', 'haskell', 'zookeeper', 'fsharp', 'ibm-security-access-manager', 'filebeat', 'crux', 'ibmjava', 'ubuntu-upstart', 'nats', 'rakudo-star', 'sonarqube', 'celery', 'heartbeat', 'redis', 'oracle-instant-client', 'apm-server', 'anaconda', 'groovy', 'adminer', 'rabbitmq', 'vault', 'registry', 'kibana', 'cassandra', 'softwareag-apigateway', 'iojs', 'fluentd', 'telegraf', 'logstash', 'websphere-liberty', 'sitescope', 'centos', 'jetty', 'sl', 'django', 'sourcemage', 'busybox', 'erlang', 'memcached', 'orientdb', 'couchbase', 'buildpack-deps', 'db2-developer-c-edition', 'gcc', 'metricbeat', 'geonetwork', 'skopos', 'tomcat', 'python', 'bash', 'swift', 'irssi', 'mysql', 'oracle-database-enterprise-edition', 'pypy', 'mongo', 'intersystems-iris-data-platform', 'openjdk', 'ibm-websphere-liberty', 'yourls', 'euleros', 'mageia', 'neo4j', 'lightstreamer', 'softwareag-webmethods-microservicesruntime', 'glassfish', 'mono', 'oracle-serverjre-8', 'bleemeo', 'plone', 'nginx', 'neurodebian', 'cirros', 'photon', 'mariadb', 'solr', 'kaazing-gateway', 'rails', 'hipache', 'golang', 'jruby', 'perl', 'amazoncorretto', 'adoptopenjdk', 'node', 'swipl', 'convertigo', 'docker', 'amazonlinux', 'kapacitor', 'clojure', 'open-liberty', 'ubuntu', 'java', 'couchdb', 'ghost', 'express-gateway', 'traefik', 'consul', 'nats-streaming', 'tomee', 'gitlab-community-edition', 'alpine', 'ubuntu-debootstrap', 'bonita', 'jenkins', 'php-zendserver', 'ruby', 'elixir', 'eclipse-mosquitto', 'alt', 'cheers', 'rust', 'debian', 'r-base'}
CVE-2016-9604;keyctl;Bypass a restriction or similar;True;123;{'hylang', 'httpd', 'julia', 'clearlinux', 'ibm-db2-warehouse-client-container', 'opensuse', 'odoo', 'ros', 'haskell', 'zookeeper', 'fsharp', 'ibm-security-access-manager', 'filebeat', 'crux', 'ibmjava', 'ubuntu-upstart', 'nats', 'rakudo-star', 'sonarqube', 'celery', 'heartbeat', 'redis', 'oracle-instant-client', 'apm-server', 'anaconda', 'groovy', 'adminer', 'rabbitmq', 'vault', 'registry', 'kibana', 'cassandra', 'softwareag-apigateway', 'iojs', 'fluentd', 'telegraf', 'logstash', 'websphere-liberty', 'sitescope', 'centos', 'jetty', 'sl', 'django', 'sourcemage', 'busybox', 'erlang', 'memcached', 'orientdb', 'couchbase', 'buildpack-deps', 'db2-developer-c-edition', 'gcc', 'metricbeat', 'geonetwork', 'skopos', 'tomcat', 'python', 'bash', 'swift', 'irssi', 'mysql', 'oracle-database-enterprise-edition', 'pypy', 'mongo', 'intersystems-iris-data-platform', 'openjdk', 'ibm-websphere-liberty', 'yourls', 'euleros', 'mageia', 'neo4j', 'lightstreamer', 'softwareag-webmethods-microservicesruntime', 'glassfish', 'mono', 'oracle-serverjre-8', 'bleemeo', 'plone', 'nginx', 'neurodebian', 'cirros', 'photon', 'mariadb', 'solr', 'kaazing-gateway', 'rails', 'hipache', 'golang', 'jruby', 'perl', 'amazoncorretto', 'adoptopenjdk', 'node', 'swipl', 'convertigo', 'docker', 'amazonlinux', 'kapacitor', 'clojure', 'open-liberty', 'ubuntu', 'java', 'couchdb', 'ghost', 'express-gateway', 'traefik', 'consul', 'nats-streaming', 'tomee', 'gitlab-community-edition', 'alpine', 'ubuntu-debootstrap', 'bonita', 'jenkins', 'php-zendserver', 'ruby', 'elixir', 'eclipse-mosquitto', 'alt', 'cheers', 'rust', 'debian', 'r-base'}
CVE-2009-3624;keyctl;Gain privileges, Denial Of Service;True;123;{'hylang', 'httpd', 'julia', 'clearlinux', 'ibm-db2-warehouse-client-container', 'opensuse', 'odoo', 'ros', 'haskell', 'zookeeper', 'fsharp', 'ibm-security-access-manager', 'filebeat', 'crux', 'ibmjava', 'ubuntu-upstart', 'nats', 'rakudo-star', 'sonarqube', 'celery', 'heartbeat', 'redis', 'oracle-instant-client', 'apm-server', 'anaconda', 'groovy', 'adminer', 'rabbitmq', 'vault', 'registry', 'kibana', 'cassandra', 'softwareag-apigateway', 'iojs', 'fluentd', 'telegraf', 'logstash', 'websphere-liberty', 'sitescope', 'centos', 'jetty', 'sl', 'django', 'sourcemage', 'busybox', 'erlang', 'memcached', 'orientdb', 'couchbase', 'buildpack-deps', 'db2-developer-c-edition', 'gcc', 'metricbeat', 'geonetwork', 'skopos', 'tomcat', 'python', 'bash', 'swift', 'irssi', 'mysql', 'oracle-database-enterprise-edition', 'pypy', 'mongo', 'intersystems-iris-data-platform', 'openjdk', 'ibm-websphere-liberty', 'yourls', 'euleros', 'mageia', 'neo4j', 'lightstreamer', 'softwareag-webmethods-microservicesruntime', 'glassfish', 'mono', 'oracle-serverjre-8', 'bleemeo', 'plone', 'nginx', 'neurodebian', 'cirros', 'photon', 'mariadb', 'solr', 'kaazing-gateway', 'rails', 'hipache', 'golang', 'jruby', 'perl', 'amazoncorretto', 'adoptopenjdk', 'node', 'swipl', 'convertigo', 'docker', 'amazonlinux', 'kapacitor', 'clojure', 'open-liberty', 'ubuntu', 'java', 'couchdb', 'ghost', 'express-gateway', 'traefik', 'consul', 'nats-streaming', 'tomee', 'gitlab-community-edition', 'alpine', 'ubuntu-debootstrap', 'bonita', 'jenkins', 'php-zendserver', 'ruby', 'elixir', 'eclipse-mosquitto', 'alt', 'cheers', 'rust', 'debian', 'r-base'}
CVE-2015-7550;keyctl;Denial Of Service;True;123;{'hylang', 'httpd', 'julia', 'clearlinux', 'ibm-db2-warehouse-client-container', 'opensuse', 'odoo', 'ros', 'haskell', 'zookeeper', 'fsharp', 'ibm-security-access-manager', 'filebeat', 'crux', 'ibmjava', 'ubuntu-upstart', 'nats', 'rakudo-star', 'sonarqube', 'celery', 'heartbeat', 'redis', 'oracle-instant-client', 'apm-server', 'anaconda', 'groovy', 'adminer', 'rabbitmq', 'vault', 'registry', 'kibana', 'cassandra', 'softwareag-apigateway', 'iojs', 'fluentd', 'telegraf', 'logstash', 'websphere-liberty', 'sitescope', 'centos', 'jetty', 'sl', 'django', 'sourcemage', 'busybox', 'erlang', 'memcached', 'orientdb', 'couchbase', 'buildpack-deps', 'db2-developer-c-edition', 'gcc', 'metricbeat', 'geonetwork', 'skopos', 'tomcat', 'python', 'bash', 'swift', 'irssi', 'mysql', 'oracle-database-enterprise-edition', 'pypy', 'mongo', 'intersystems-iris-data-platform', 'openjdk', 'ibm-websphere-liberty', 'yourls', 'euleros', 'mageia', 'neo4j', 'lightstreamer', 'softwareag-webmethods-microservicesruntime', 'glassfish', 'mono', 'oracle-serverjre-8', 'bleemeo', 'plone', 'nginx', 'neurodebian', 'cirros', 'photon', 'mariadb', 'solr', 'kaazing-gateway', 'rails', 'hipache', 'golang', 'jruby', 'perl', 'amazoncorretto', 'adoptopenjdk', 'node', 'swipl', 'convertigo', 'docker', 'amazonlinux', 'kapacitor', 'clojure', 'open-liberty', 'ubuntu', 'java', 'couchdb', 'ghost', 'express-gateway', 'traefik', 'consul', 'nats-streaming', 'tomee', 'gitlab-community-edition', 'alpine', 'ubuntu-debootstrap', 'bonita', 'jenkins', 'php-zendserver', 'ruby', 'elixir', 'eclipse-mosquitto', 'alt', 'cheers', 'rust', 'debian', 'r-base'}
CVE-2014-9903;sched_getattr;Obtain Information;False;146;{'hylang', 'httpd', 'julia', 'clearlinux', 'ibm-db2-warehouse-client-container', 'opensuse', 'odoo', 'ros', 'haskell', 'zookeeper', 'fsharp', 'ibm-security-access-manager', 'filebeat', 'crux', 'ibmjava', 'ubuntu-upstart', 'nats', 'rakudo-star', 'sonarqube', 'celery', 'heartbeat', 'redis', 'oracle-instant-client', 'apm-server', 'anaconda', 'groovy', 'adminer', 'fedora', 'rabbitmq', 'vault', 'registry', 'nextcloud', 'kibana', 'cassandra', 'softwareag-apigateway', 'oraclelinux', 'iojs', 'drupal', 'fluentd', 'ibm-db2-warehouse-dev', 'telegraf', 'ibm-db2-warehouse-ee', 'logstash', 'softwareag-commandcentral', 'websphere-liberty', 'sitescope', 'centos', 'jetty', 'mysql-enterprise-server', 'sl', 'django', 'sourcemage', 'busybox', 'erlang', 'memcached', 'orientdb', 'couchbase', 'buildpack-deps', 'db2-developer-c-edition', 'gcc', 'metricbeat', 'geonetwork', 'skopos', 'tomcat', 'python', 'bash', 'swift', 'irssi', 'mysql', 'oracle-database-enterprise-edition', 'pypy', 'mongo', 'intersystems-iris-data-platform', 'mediawiki', 'rethinkdb', 'openjdk', 'ibm-websphere-liberty', 'yourls', 'euleros', 'mageia', 'neo4j', 'lightstreamer', 'softwareag-webmethods-microservicesruntime', 'glassfish', 'mono', 'oracle-serverjre-8', 'bleemeo', 'plone', 'nginx', 'neurodebian', 'joomla', 'cirros', 'photon', 'postfixadmin', 'piwik', 'mariadb', 'solr', 'postgres', 'kaazing-gateway', 'rails', 'hipache', 'golang', 'jruby', 'perl', 'amazoncorretto', 'adoptopenjdk', 'node', 'nuxeo', 'swipl', 'convertigo', 'docker', 'amazonlinux', 'kapacitor', 'clojure', 'wordpress', 'open-liberty', 'ubuntu', 'java', 'couchdb', 'php', 'ghost', 'express-gateway', 'owncloud', 'traefik', 'consul', 'nats-streaming', 'skaffolder-enterprise', 'tomee', 'percona', 'gitlab-community-edition', 'alpine', 'ubuntu-debootstrap', 'bonita', 'jenkins', 'php-zendserver', 'ruby', 'matomo', 'xwiki', 'gazebo', 'elixir', 'eclipse-mosquitto', 'alt', 'cheers', 'rust', 'debian', 'r-base'}
CVE-2016-4569;ioctl;Obtain Information;False;1;{'nats'}
CVE-2009-0745;ioctl;Denial Of Service;False;1;{'nats'}
CVE-2017-14991;ioctl;Obtain Information;False;1;{'nats'}
CVE-2010-3861;ioctl;Obtain Information;False;1;{'nats'}
CVE-2010-2803;ioctl;Obtain Information;False;1;{'nats'}
CVE-2014-4654;ioctl;Denial Of Service;False;1;{'nats'}
CVE-2010-2066;ioctl;set();False;1;{'nats'}
CVE-2016-4482;ioctl;Obtain Information;False;1;{'nats'}
CVE-2009-4131;ioctl;set();False;1;{'nats'}
CVE-2010-4655;ioctl;Obtain Information;False;1;{'nats'}
CVE-2014-4655;ioctl;Bypass a restriction or similar, Overflow, Denial Of Service;False;1;{'nats'}
CVE-2016-5829;ioctl;Overflow, Denial Of Service;False;1;{'nats'}
CVE-2017-7187;ioctl;Overflow, Denial Of Service;False;1;{'nats'}
CVE-2012-6539;ioctl;Obtain Information;False;1;{'nats'}
CVE-2016-0723;ioctl;Obtain Information, Denial Of Service;False;1;{'nats'}
CVE-2010-2478;ioctl;Overflow, Denial Of Service;False;1;{'nats'}
CVE-2016-6516;ioctl;Overflow, Gain privileges, Denial Of Service;False;1;{'nats'}
CVE-2015-7613;semget, msgget, shmget;Gain privileges;False;62;{'iojs', 'julia', 'clearlinux', 'kapacitor', 'opensuse', 'ros', 'odoo', 'yourls', 'euleros', 'mageia', 'ubuntu', 'java', 'telegraf', 'haskell', 'fsharp', 'ghost', 'filebeat', 'crux', 'sitescope', 'traefik', 'centos', 'mono', 'sl', 'django', 'ibmjava', 'erlang', 'memcached', 'oracle-serverjre-8', 'nats-streaming', 'ubuntu-upstart', 'bleemeo', 'buildpack-deps', 'nats', 'ubuntu-debootstrap', 'gcc', 'nginx', 'neurodebian', 'metricbeat', 'rakudo-star', 'skopos', 'photon', 'heartbeat', 'oracle-instant-client', 'redis', 'apm-server', 'anaconda', 'python', 'swift', 'ruby', 'rails', 'rabbitmq', 'golang', 'amazoncorretto', 'node', 'elixir', 'cheers', 'swipl', 'rust', 'debian', 'r-base', 'pypy', 'amazonlinux'}
CVE-2018-13053;clock_nanosleep;Overflow;False;140;{'hylang', 'httpd', 'julia', 'clearlinux', 'ibm-db2-warehouse-client-container', 'opensuse', 'odoo', 'ros', 'haskell', 'zookeeper', 'ibm-security-access-manager', 'filebeat', 'crux', 'ibmjava', 'ubuntu-upstart', 'nats', 'rakudo-star', 'sonarqube', 'celery', 'heartbeat', 'redis', 'oracle-instant-client', 'apm-server', 'anaconda', 'groovy', 'adminer', 'fedora', 'rabbitmq', 'vault', 'registry', 'nextcloud', 'cassandra', 'softwareag-apigateway', 'oraclelinux', 'iojs', 'drupal', 'fluentd', 'telegraf', 'logstash', 'softwareag-commandcentral', 'websphere-liberty', 'sitescope', 'centos', 'jetty', 'mysql-enterprise-server', 'sl', 'django', 'sourcemage', 'busybox', 'erlang', 'memcached', 'orientdb', 'couchbase', 'buildpack-deps', 'db2-developer-c-edition', 'gcc', 'metricbeat', 'geonetwork', 'skopos', 'tomcat', 'python', 'bash', 'swift', 'irssi', 'mysql', 'oracle-database-enterprise-edition', 'pypy', 'mongo', 'intersystems-iris-data-platform', 'mediawiki', 'rethinkdb', 'openjdk', 'ibm-websphere-liberty', 'yourls', 'euleros', 'mageia', 'neo4j', 'lightstreamer', 'softwareag-webmethods-microservicesruntime', 'glassfish', 'mono', 'oracle-serverjre-8', 'bleemeo', 'plone', 'nginx', 'neurodebian', 'joomla', 'cirros', 'photon', 'postfixadmin', 'piwik', 'solr', 'postgres', 'kaazing-gateway', 'rails', 'hipache', 'golang', 'jruby', 'perl', 'amazoncorretto', 'adoptopenjdk', 'node', 'nuxeo', 'swipl', 'convertigo', 'docker', 'amazonlinux', 'kapacitor', 'clojure', 'wordpress', 'open-liberty', 'ubuntu', 'java', 'couchdb', 'php', 'ghost', 'express-gateway', 'owncloud', 'traefik', 'consul', 'nats-streaming', 'skaffolder-enterprise', 'tomee', 'percona', 'gitlab-community-edition', 'alpine', 'ubuntu-debootstrap', 'bonita', 'jenkins', 'php-zendserver', 'ruby', 'matomo', 'xwiki', 'elixir', 'eclipse-mosquitto', 'alt', 'cheers', 'rust', 'debian', 'r-base'}
CVE-2013-1858;unshare;Gain privileges;True;123;{'hylang', 'httpd', 'julia', 'clearlinux', 'ibm-db2-warehouse-client-container', 'opensuse', 'odoo', 'ros', 'haskell', 'zookeeper', 'fsharp', 'ibm-security-access-manager', 'filebeat', 'crux', 'ibmjava', 'ubuntu-upstart', 'nats', 'rakudo-star', 'sonarqube', 'celery', 'heartbeat', 'redis', 'oracle-instant-client', 'anaconda', 'groovy', 'fedora', 'rabbitmq', 'nextcloud', 'kibana', 'softwareag-apigateway', 'oraclelinux', 'iojs', 'drupal', 'logstash', 'softwareag-commandcentral', 'websphere-liberty', 'sitescope', 'centos', 'jetty', 'mysql-enterprise-server', 'sl', 'django', 'sourcemage', 'erlang', 'memcached', 'couchbase', 'buildpack-deps', 'db2-developer-c-edition', 'gcc', 'geonetwork', 'skopos', 'tomcat', 'python', 'swift', 'irssi', 'mysql', 'oracle-database-enterprise-edition', 'pypy', 'mongo', 'mediawiki', 'rethinkdb', 'openjdk', 'ibm-websphere-liberty', 'yourls', 'euleros', 'mageia', 'lightstreamer', 'softwareag-webmethods-microservicesruntime', 'glassfish', 'mono', 'oracle-serverjre-8', 'bleemeo', 'plone', 'nginx', 'neurodebian', 'joomla', 'cirros', 'photon', 'postfixadmin', 'piwik', 'mariadb', 'solr', 'postgres', 'kaazing-gateway', 'rails', 'hipache', 'golang', 'jruby', 'perl', 'amazoncorretto', 'adoptopenjdk', 'node', 'nuxeo', 'swipl', 'convertigo', 'amazonlinux', 'clojure', 'wordpress', 'open-liberty', 'ubuntu', 'java', 'couchdb', 'php', 'ghost', 'owncloud', 'skaffolder-enterprise', 'tomee', 'percona', 'gitlab-community-edition', 'ubuntu-debootstrap', 'bonita', 'jenkins', 'php-zendserver', 'ruby', 'matomo', 'xwiki', 'gazebo', 'elixir', 'alt', 'cheers', 'rust', 'debian', 'r-base'}
CVE-2017-14954;waitid;Bypass a restriction or similar, Obtain Information;False;114;{'hylang', 'httpd', 'julia', 'clearlinux', 'ibm-db2-warehouse-client-container', 'opensuse', 'ros', 'haskell', 'zookeeper', 'fsharp', 'ibm-security-access-manager', 'filebeat', 'crux', 'ibmjava', 'nats', 'rakudo-star', 'sonarqube', 'heartbeat', 'redis', 'oracle-instant-client', 'anaconda', 'groovy', 'adminer', 'rabbitmq', 'nextcloud', 'softwareag-apigateway', 'oraclelinux', 'iojs', 'drupal', 'fluentd', 'logstash', 'softwareag-commandcentral', 'websphere-liberty', 'sitescope', 'centos', 'jetty', 'mysql-enterprise-server', 'sl', 'sourcemage', 'busybox', 'erlang', 'memcached', 'orientdb', 'couchbase', 'buildpack-deps', 'db2-developer-c-edition', 'gcc', 'geonetwork', 'tomcat', 'python', 'bash', 'swift', 'irssi', 'mysql', 'oracle-database-enterprise-edition', 'pypy', 'mongo', 'intersystems-iris-data-platform', 'mediawiki', 'rethinkdb', 'ibm-websphere-liberty', 'yourls', 'euleros', 'mageia', 'neo4j', 'softwareag-webmethods-microservicesruntime', 'glassfish', 'mono', 'oracle-serverjre-8', 'plone', 'nginx', 'neurodebian', 'joomla', 'cirros', 'photon', 'postfixadmin', 'piwik', 'kaazing-gateway', 'rails', 'hipache', 'golang', 'jruby', 'perl', 'amazoncorretto', 'node', 'swipl', 'convertigo', 'docker', 'amazonlinux', 'clojure', 'wordpress', 'open-liberty', 'ubuntu', 'java', 'couchdb', 'php', 'ghost', 'express-gateway', 'owncloud', 'skaffolder-enterprise', 'tomee', 'percona', 'ubuntu-debootstrap', 'alpine', 'bonita', 'jenkins', 'ruby', 'matomo', 'elixir', 'eclipse-mosquitto', 'cheers', 'rust', 'debian', 'r-base'}
CVE-2014-8133;set_thread_area;Bypass a restriction or similar;False;146;{'hylang', 'httpd', 'julia', 'clearlinux', 'ibm-db2-warehouse-client-container', 'opensuse', 'odoo', 'ros', 'haskell', 'zookeeper', 'fsharp', 'ibm-security-access-manager', 'filebeat', 'crux', 'ibmjava', 'ubuntu-upstart', 'nats', 'rakudo-star', 'sonarqube', 'celery', 'heartbeat', 'redis', 'oracle-instant-client', 'apm-server', 'anaconda', 'groovy', 'adminer', 'fedora', 'rabbitmq', 'vault', 'registry', 'nextcloud', 'kibana', 'cassandra', 'softwareag-apigateway', 'oraclelinux', 'iojs', 'drupal', 'fluentd', 'ibm-db2-warehouse-dev', 'telegraf', 'ibm-db2-warehouse-ee', 'logstash', 'softwareag-commandcentral', 'websphere-liberty', 'sitescope', 'centos', 'jetty', 'mysql-enterprise-server', 'sl', 'django', 'sourcemage', 'busybox', 'erlang', 'memcached', 'orientdb', 'couchbase', 'buildpack-deps', 'db2-developer-c-edition', 'gcc', 'metricbeat', 'geonetwork', 'skopos', 'tomcat', 'python', 'bash', 'swift', 'irssi', 'mysql', 'oracle-database-enterprise-edition', 'pypy', 'mongo', 'intersystems-iris-data-platform', 'mediawiki', 'rethinkdb', 'openjdk', 'ibm-websphere-liberty', 'yourls', 'euleros', 'mageia', 'neo4j', 'lightstreamer', 'softwareag-webmethods-microservicesruntime', 'glassfish', 'mono', 'oracle-serverjre-8', 'bleemeo', 'plone', 'nginx', 'neurodebian', 'joomla', 'cirros', 'photon', 'postfixadmin', 'piwik', 'mariadb', 'solr', 'postgres', 'kaazing-gateway', 'rails', 'hipache', 'golang', 'jruby', 'perl', 'amazoncorretto', 'adoptopenjdk', 'node', 'nuxeo', 'swipl', 'convertigo', 'docker', 'amazonlinux', 'kapacitor', 'clojure', 'wordpress', 'open-liberty', 'ubuntu', 'java', 'couchdb', 'php', 'ghost', 'express-gateway', 'owncloud', 'traefik', 'consul', 'nats-streaming', 'skaffolder-enterprise', 'tomee', 'percona', 'gitlab-community-edition', 'alpine', 'ubuntu-debootstrap', 'bonita', 'jenkins', 'php-zendserver', 'ruby', 'matomo', 'xwiki', 'gazebo', 'elixir', 'eclipse-mosquitto', 'alt', 'cheers', 'rust', 'debian', 'r-base'}
CVE-2016-4997;setsockopt;Memory corruption, Gain privileges, Denial Of Service;False;22;{'clearlinux', 'opensuse', 'euleros', 'ubuntu', 'haskell', 'crux', 'mono', 'buildpack-deps', 'ubuntu-debootstrap', 'gcc', 'neurodebian', 'anaconda', 'python', 'swift', 'ruby', 'golang', 'amazoncorretto', 'swipl', 'rust', 'debian', 'r-base', 'amazonlinux'}
CVE-2016-8655;setsockopt;Gain privileges, Denial Of Service;False;22;{'clearlinux', 'opensuse', 'euleros', 'ubuntu', 'haskell', 'crux', 'mono', 'buildpack-deps', 'ubuntu-debootstrap', 'gcc', 'neurodebian', 'anaconda', 'python', 'swift', 'ruby', 'golang', 'amazoncorretto', 'swipl', 'rust', 'debian', 'r-base', 'amazonlinux'}
CVE-2016-9793;setsockopt;Memory corruption, Overflow, Denial Of Service;False;22;{'clearlinux', 'opensuse', 'euleros', 'ubuntu', 'haskell', 'crux', 'mono', 'buildpack-deps', 'ubuntu-debootstrap', 'gcc', 'neurodebian', 'anaconda', 'python', 'swift', 'ruby', 'golang', 'amazoncorretto', 'swipl', 'rust', 'debian', 'r-base', 'amazonlinux'}
CVE-2017-6074;setsockopt;Denial Of Service;False;22;{'clearlinux', 'opensuse', 'euleros', 'ubuntu', 'haskell', 'crux', 'mono', 'buildpack-deps', 'ubuntu-debootstrap', 'gcc', 'neurodebian', 'anaconda', 'python', 'swift', 'ruby', 'golang', 'amazoncorretto', 'swipl', 'rust', 'debian', 'r-base', 'amazonlinux'}
CVE-2017-7308;setsockopt;Overflow, Gain privileges, Denial Of Service;False;22;{'clearlinux', 'opensuse', 'euleros', 'ubuntu', 'haskell', 'crux', 'mono', 'buildpack-deps', 'ubuntu-debootstrap', 'gcc', 'neurodebian', 'anaconda', 'python', 'swift', 'ruby', 'golang', 'amazoncorretto', 'swipl', 'rust', 'debian', 'r-base', 'amazonlinux'}
CVE-2017-5123;waitid;Gain privileges;False;114;{'hylang', 'httpd', 'julia', 'clearlinux', 'ibm-db2-warehouse-client-container', 'opensuse', 'ros', 'haskell', 'zookeeper', 'fsharp', 'ibm-security-access-manager', 'filebeat', 'crux', 'ibmjava', 'nats', 'rakudo-star', 'sonarqube', 'heartbeat', 'redis', 'oracle-instant-client', 'anaconda', 'groovy', 'adminer', 'rabbitmq', 'nextcloud', 'softwareag-apigateway', 'oraclelinux', 'iojs', 'drupal', 'fluentd', 'logstash', 'softwareag-commandcentral', 'websphere-liberty', 'sitescope', 'centos', 'jetty', 'mysql-enterprise-server', 'sl', 'sourcemage', 'busybox', 'erlang', 'memcached', 'orientdb', 'couchbase', 'buildpack-deps', 'db2-developer-c-edition', 'gcc', 'geonetwork', 'tomcat', 'python', 'bash', 'swift', 'irssi', 'mysql', 'oracle-database-enterprise-edition', 'pypy', 'mongo', 'intersystems-iris-data-platform', 'mediawiki', 'rethinkdb', 'ibm-websphere-liberty', 'yourls', 'euleros', 'mageia', 'neo4j', 'softwareag-webmethods-microservicesruntime', 'glassfish', 'mono', 'oracle-serverjre-8', 'plone', 'nginx', 'neurodebian', 'joomla', 'cirros', 'photon', 'postfixadmin', 'piwik', 'kaazing-gateway', 'rails', 'hipache', 'golang', 'jruby', 'perl', 'amazoncorretto', 'node', 'swipl', 'convertigo', 'docker', 'amazonlinux', 'clojure', 'wordpress', 'open-liberty', 'ubuntu', 'java', 'couchdb', 'php', 'ghost', 'express-gateway', 'owncloud', 'skaffolder-enterprise', 'tomee', 'percona', 'ubuntu-debootstrap', 'alpine', 'bonita', 'jenkins', 'ruby', 'matomo', 'elixir', 'eclipse-mosquitto', 'cheers', 'rust', 'debian', 'r-base'}
