CVE-2021-3492;{'None'}
CVE-2020-36322;{'None'}
CVE-2021-29154;{'None'}
CVE-2021-30178;{'None'}
CVE-2020-36313;{'None'}
CVE-2020-36312;{'None'}
CVE-2020-36311;{'None'}
CVE-2020-36310;{'None'}
CVE-2021-30002;{'None'}
CVE-2021-29650;{'None'}
CVE-2021-29649;{'None'}
CVE-2021-29648;{'None'}
CVE-2021-29647;{'None'}
CVE-2021-29646;{'None'}
CVE-2021-29266;{'None'}
CVE-2021-29265;{'None'}
CVE-2021-29264;{'None'}
CVE-2020-35508;{'None'}
CVE-2021-3444;{'None'}
CVE-2021-20219;{'None'}
CVE-2021-28972;{'None'}
CVE-2021-28971;{'None'}
CVE-2021-28964;{'None'}
CVE-2020-27171;{'None'}
CVE-2020-27170;{'None'}
CVE-2021-28952;{'None'}
CVE-2021-28951;{'None'}
CVE-2021-28950;{'None'}
CVE-2021-28660;{'None'}
CVE-2021-28375;{'None'}
CVE-2021-20261;{'None'}
CVE-2021-20265;{'None'}
CVE-2021-3411;{'None'}
CVE-2021-20268;{'None'}
CVE-2021-27365;{'None'}
CVE-2021-27364;{'None'}
CVE-2021-27363;{'None'}
CVE-2021-28039;{'None'}
CVE-2021-28038;{'None'}
CVE-2020-25639;{'None'}
CVE-2020-14372;{'None'}
CVE-2021-20194;{'None'}
CVE-2021-20226;{'None'}
CVE-2020-35499;{'None'}
CVE-2020-12364;{'None'}
CVE-2020-12363;{'None'}
CVE-2020-12362;{'None'}
CVE-2021-26934;{'None'}
CVE-2021-26932;{'None'}
CVE-2021-26931;{'None'}
CVE-2021-26930;{'None'}
CVE-2021-26708;{'None'}
CVE-2020-24490;{'None'}
CVE-2021-3348;{'None'}
CVE-2021-3347;{'None'}
CVE-2020-35513;{'None'}
CVE-2021-3178;{'None'}
CVE-2020-16119;{'None'}
CVE-2020-28374;{'None'}
CVE-2021-1056;{'None'}
CVE-2021-1053;{'None'}
CVE-2021-1052;{'None'}
CVE-2020-27835;{'None'}
CVE-2020-36158;{'None'}
CVE-2020-29569;{'None'}
CVE-2020-27777;{'None'}
CVE-2020-27825;{'None'}
CVE-2020-27786;{'None'}
CVE-2020-29661;{'None'}
CVE-2020-29660;{'None'}
CVE-2020-29534;{'None'}
CVE-2020-14381;{'None'}
CVE-2020-14351;{'None'}
CVE-2020-25704;{'None'}
CVE-2020-25656;{'None'}
CVE-2020-14305;{'None'}
CVE-2020-29374;{'None'}
CVE-2020-29373;{'None'}
CVE-2020-29372;{'None'}
CVE-2020-29371;{'None'}
CVE-2020-29370;{'None'}
CVE-2020-29369;{'None'}
CVE-2020-29368;{'None'}
CVE-2019-20934;{'None'}
CVE-2020-15437;{'None'}
CVE-2020-15436;{'None'}
CVE-2020-12352;{'None'}
CVE-2020-12351;{'None'}
CVE-2020-28974;{'None'}
CVE-2020-28941;{'None'}
CVE-2020-28915;{'None'}
CVE-2020-25705;{'None'}
CVE-2020-8694;{'None'}
CVE-2020-27152;{'None'}
CVE-2020-25662;{'None'}
CVE-2020-25661;{'None'}
CVE-2020-27675;{'None'}
CVE-2020-27673;{'None'}
CVE-2020-27194;{'None'}
CVE-2020-25645;{'None'}
CVE-2020-25643;{'None'}
CVE-2020-25641;{'None'}
CVE-2020-26541;{'None'}
CVE-2020-26088;{'None'}
CVE-2020-14390;{'None'}
CVE-2020-0430;{'None'}
CVE-2020-14386;{'None'}
CVE-2020-10781;{'None'}
CVE-2020-10768;{'None'}
CVE-2020-10767;{'None'}
CVE-2020-10766;{'None'}
CVE-2020-14385;{'None'}
CVE-2020-14314;{'None'}
CVE-2020-14304;{'None'}
CVE-2020-14331;{'None'}
CVE-2020-15590;{'None'}
CVE-2020-25285;{'None'}
CVE-2020-25284;{'None'}
CVE-2020-10773;{'None'}
CVE-2020-25221;{'None'}
CVE-2020-25220;{'None'}
CVE-2020-25211;{'None'}
CVE-2020-1749;{'None'}
CVE-2020-10720;{'None'}
CVE-2020-24385;{'None'}
CVE-2020-14356;{'None'}
CVE-2020-24394;{'None'}
CVE-2020-16166;{'None'}
CVE-2020-15852;{'None'}
CVE-2020-15780;{'None'}
CVE-2019-20908;{'None'}
CVE-2019-19338;{'None'}
CVE-2020-15393;{'None'}
CVE-2020-14416;{'None'}
CVE-2020-10732;{'None'}
CVE-2020-10757;{'None'}
CVE-2020-13974;{'None'}
CVE-2019-20812;{'None'}
CVE-2019-20811;{'None'}
CVE-2019-20810;{'None'}
CVE-2019-20806;{'None'}
CVE-2020-10751;{'None'}
CVE-2020-10711;{'None'}
CVE-2020-13143;{'None'}
CVE-2020-12888;{'None'}
CVE-2020-12826;{'None'}
CVE-2020-12771;{'None'}
CVE-2020-12770;{'None'}
CVE-2020-12769;{'None'}
CVE-2020-12768;{'None'}
CVE-2019-20794;{'None'}
CVE-2019-14898;{'None'}
CVE-2012-0953;{'None'}
CVE-2020-12659;{'None'}
CVE-2020-12657;{'None'}
CVE-2020-12656;{'None'}
CVE-2020-12655;{'None'}
CVE-2020-12654;{'None'}
CVE-2020-12652;{'None'}
CVE-2020-12114;{'None'}
CVE-2020-12465;{'None'}
CVE-2020-12464;{'None'}
CVE-2020-11884;{'None'}
CVE-2019-15794;{'None'}
CVE-2019-15793;{'None'}
CVE-2019-15792;{'None'}
CVE-2019-15791;{'None'}
CVE-2020-11725;{'None'}
CVE-2020-11669;{'None'}
CVE-2020-8832;{'None'}
CVE-2020-8834;{'None'}
CVE-2020-11668;{'None'}
CVE-2020-2732;{'None'}
CVE-2019-20636;{'None'}
CVE-2020-11609;{'None'}
CVE-2020-11608;{'None'}
CVE-2020-11565;{'None'}
CVE-2020-11494;{'None'}
CVE-2020-8835;{'None'}
CVE-2020-5291;{'None'}
CVE-2020-10942;{'None'}
CVE-2020-0069;{'None'}
CVE-2020-9391;{'None'}
CVE-2020-9383;{'None'}
CVE-2011-4915;{'None'}
CVE-2011-0699;{'None'}
CVE-2015-2923;{'None'}
CVE-2011-2498;{'None'}
CVE-2012-0055;{'None'}
CVE-2020-8992;{'None'}
CVE-2012-0810;{'None'}
CVE-2014-9390;{'None'}
CVE-2009-4067;{'None'}
CVE-2020-8649;{'None'}
CVE-2020-8648;{'None'}
CVE-2020-8647;{'None'}
CVE-2019-3016;{'None'}
CVE-2020-8428;{'None'}
CVE-2019-20422;{'None'}
CVE-2019-1353;{'None'}
CVE-2019-9503;{'None'}
CVE-2019-18282;{'None'}
CVE-2007-4774;{'None'}
CVE-2020-7053;{'None'}
CVE-2019-19332;{'None'}
CVE-2019-19927;{'None'}
CVE-2019-20096;{'None'}
CVE-2019-20095;{'None'}
CVE-2019-20054;{'None'}
CVE-2019-19966;{'None'}
CVE-2019-19965;{'None'}
CVE-2019-19947;{'None'}
CVE-2019-5108;{'None'}
CVE-2019-19922;{'None'}
CVE-2019-10557;{'None'}
CVE-2019-19241;{'None'}
CVE-2019-19815;{'None'}
CVE-2019-19816;{'None'}
CVE-2019-19814;{'None'}
CVE-2019-19813;{'None'}
CVE-2019-11165;{'None'}
CVE-2019-19807;{'None'}
CVE-2019-19770;{'None'}
CVE-2019-19769;{'None'}
CVE-2019-19768;{'None'}
CVE-2019-19767;{'None'}
CVE-2019-19449;{'None'}
CVE-2019-19448;{'None'}
CVE-2019-19447;{'None'}
CVE-2019-19602;{'None'}
CVE-2019-19543;{'None'}
CVE-2019-19537;{'None'}
CVE-2019-19536;{'None'}
CVE-2019-19535;{'None'}
CVE-2019-19534;{'None'}
CVE-2019-19533;{'None'}
CVE-2019-19532;{'None'}
CVE-2019-19531;{'None'}
CVE-2019-19530;{'None'}
CVE-2019-19529;{'None'}
CVE-2019-19528;{'None'}
CVE-2019-19527;{'None'}
CVE-2019-19526;{'None'}
CVE-2019-19525;{'None'}
CVE-2019-19524;{'None'}
CVE-2019-19523;{'None'}
CVE-2019-19462;{'None'}
CVE-2019-19378;{'None'}
CVE-2019-19377;{'None'}
CVE-2019-14901;{'None'}
CVE-2019-14897;{'None'}
CVE-2019-14895;{'None'}
CVE-2019-19318;{'None'}
CVE-2019-19319;{'None'}
CVE-2019-18660;{'None'}
CVE-2019-10220;{'None'}
CVE-2019-14896;{'None'}
CVE-2019-19252;{'None'}
CVE-2019-18675;{'None'}
CVE-2019-10207;{'None'}
CVE-2019-14815;{'None'}
CVE-2019-19227;{'None'}
CVE-2019-19037;{'None'}
CVE-2019-19039;{'None'}
CVE-2019-19036;{'None'}
CVE-2019-19083;{'None'}
CVE-2019-19082;{'None'}
CVE-2019-19081;{'None'}
CVE-2019-19080;{'None'}
CVE-2019-19079;{'None'}
CVE-2019-19078;{'None'}
CVE-2019-19077;{'None'}
CVE-2019-19076;{'None'}
CVE-2019-19075;{'None'}
CVE-2019-19074;{'None'}
CVE-2019-19073;{'None'}
CVE-2019-19072;{'None'}
CVE-2019-19071;{'None'}
CVE-2019-19070;{'None'}
CVE-2019-19069;{'None'}
CVE-2019-19068;{'None'}
CVE-2019-19067;{'None'}
CVE-2019-19066;{'None'}
CVE-2019-19065;{'None'}
CVE-2019-19064;{'None'}
CVE-2019-19063;{'None'}
CVE-2019-19062;{'None'}
CVE-2019-19061;{'None'}
CVE-2019-19060;{'None'}
CVE-2019-19059;{'None'}
CVE-2019-19058;{'None'}
CVE-2019-19057;{'None'}
CVE-2019-19056;{'None'}
CVE-2019-19055;{'None'}
CVE-2019-19054;{'None'}
CVE-2019-19053;{'None'}
CVE-2019-19052;{'None'}
CVE-2019-19051;{'None'}
CVE-2019-19050;{'None'}
CVE-2019-19049;{'None'}
CVE-2019-19048;{'None'}
CVE-2019-19047;{'None'}
CVE-2019-19046;{'None'}
CVE-2019-19045;{'None'}
CVE-2019-19044;{'None'}
CVE-2019-19043;{'None'}
CVE-2019-0155;{'None'}
CVE-2019-18885;{'None'}
CVE-2010-4661;{'None'}
CVE-2007-3732;{'None'}
CVE-2010-2243;{'None'}
CVE-2019-18814;{'None'}
CVE-2019-18813;{'None'}
CVE-2019-18812;{'None'}
CVE-2019-18811;{'None'}
CVE-2019-18810;{'None'}
CVE-2019-18809;{'None'}
CVE-2019-18808;{'None'}
CVE-2019-18807;{'None'}
CVE-2019-18806;{'None'}
CVE-2019-18805;{'None'}
CVE-2014-3180;{'None'}
CVE-2014-8181;{'None'}
CVE-2019-18786;{'None'}
CVE-2019-18683;{'None'}
CVE-2019-18680;{'None'}
CVE-2013-4367;{'None'}
CVE-2019-18198;{'None'}
CVE-2019-17666;{'None'}
CVE-2019-2215;{'None'}
CVE-2019-17347;{'None'}
CVE-2019-17351;{'None'}
CVE-2019-17133;{'None'}
CVE-2019-17075;{'None'}
CVE-2019-17056;{'None'}
CVE-2019-17055;{'None'}
CVE-2019-17054;{'None'}
CVE-2019-17053;{'None'}
CVE-2019-17052;{'None'}
CVE-2019-16995;{'None'}
CVE-2019-16994;{'None'}
CVE-2019-16921;{'None'}
CVE-2019-16746;{'None'}
CVE-2019-16714;{'None'}
CVE-2019-14816;{'None'}
CVE-2019-14814;{'None'}
CVE-2019-14821;{'None'}
CVE-2019-16413;{'None'}
CVE-2019-14835;{'None'}
CVE-2019-15031;{'None'}
CVE-2019-15030;{'None'}
CVE-2019-16234;{'None'}
CVE-2019-16233;{'None'}
CVE-2019-16232;{'None'}
CVE-2019-16231;{'None'}
CVE-2019-16230;{'None'}
CVE-2019-16229;{'None'}
CVE-2019-16089;{'None'}
CVE-2019-15927;{'None'}
CVE-2019-15926;{'None'}
CVE-2019-15925;{'None'}
CVE-2018-21008;{'None'}
CVE-2017-18595;{'None'}
CVE-2019-15924;{'None'}
CVE-2019-15923;{'None'}
CVE-2019-15922;{'None'}
CVE-2019-15921;{'None'}
CVE-2019-15920;{'None'}
CVE-2019-15919;{'None'}
CVE-2019-15918;{'None'}
CVE-2019-15917;{'None'}
CVE-2019-15916;{'None'}
CVE-2019-15902;{'None'}
CVE-2019-15807;{'None'}
CVE-2019-15666;{'None'}
CVE-2019-15538;{'None'}
CVE-2019-15505;{'None'}
CVE-2019-15504;{'None'}
CVE-2019-15292;{'None'}
CVE-2019-15291;{'None'}
CVE-2019-15239;{'None'}
CVE-2019-15223;{'None'}
CVE-2019-15222;{'None'}
CVE-2019-15221;{'None'}
CVE-2019-15220;{'None'}
CVE-2019-15219;{'None'}
CVE-2019-15218;{'None'}
CVE-2019-15217;{'None'}
CVE-2019-15216;{'None'}
CVE-2019-15215;{'None'}
CVE-2019-15214;{'None'}
CVE-2019-15213;{'None'}
CVE-2019-15212;{'None'}
CVE-2019-15211;{'None'}
CVE-2018-20976;{'None'}
CVE-2017-18552;{'None'}
CVE-2017-18551;{'None'}
CVE-2017-18550;{'None'}
CVE-2017-18549;{'None'}
CVE-2016-10907;{'None'}
CVE-2016-10906;{'None'}
CVE-2016-10905;{'None'}
CVE-2019-15118;{'None'}
CVE-2019-15117;{'None'}
CVE-2019-15099;{'None'}
CVE-2019-15098;{'None'}
CVE-2019-15090;{'None'}
CVE-2019-10140;{'None'}
CVE-2017-18509;{'None'}
CVE-2019-14763;{'None'}
CVE-2018-20961;{'None'}
CVE-2019-10142;{'None'}
CVE-2018-16871;{'None'}
CVE-2017-18379;{'None'}
CVE-2016-10764;{'None'}
CVE-2015-9289;{'None'}
CVE-2012-6712;{'None'}
CVE-2011-5327;{'None'}
CVE-2010-5332;{'None'}
CVE-2010-5331;{'None'}
CVE-2007-6762;{'None'}
CVE-2019-14284;{'None'}
CVE-2019-14283;{'None'}
CVE-2018-20856;{'None'}
CVE-2018-20855;{'None'}
CVE-2018-20854;{'None'}
CVE-2019-13648;{'None'}
CVE-2019-13631;{'None'}
CVE-2019-13272;{'None'}
CVE-2019-10639;{'None'}
CVE-2019-10638;{'None'}
CVE-2019-13233;{'None'}
CVE-2019-6637;{'None'}
CVE-2019-12984;{'None'}
CVE-2019-12817;{'None'}
CVE-2019-3896;{'None'}
CVE-2019-11479;{'None'}
CVE-2019-11478;{'None'}
CVE-2019-11477;{'None'}
CVE-2019-12881;{'None'}
CVE-2019-10126;{'None'}
CVE-2019-12819;{'None'}
CVE-2019-12818;{'None'}
CVE-2019-12615;{'None'}
CVE-2019-12614;{'None'}
CVE-2019-12456;{'None'}
CVE-2019-12455;{'None'}
CVE-2019-12454;{'None'}
CVE-2019-12382;{'None'}
CVE-2019-12381;{'None'}
CVE-2019-12380;{'None'}
CVE-2019-12379;{'None'}
CVE-2019-12378;{'None'}
CVE-2019-11085;{'None'}
CVE-2018-7191;{'None'}
CVE-2019-11833;{'None'}
CVE-2019-11884;{'None'}
CVE-2019-11815;{'None'}
CVE-2019-11811;{'None'}
CVE-2019-11810;{'None'}
CVE-2018-20836;{'None'}
CVE-2019-11683;{'None'}
CVE-2018-20510;{'None'}
CVE-2018-20509;{'None'}
CVE-2019-11599;{'None'}
CVE-2019-3900;{'None'}
CVE-2019-3882;{'None'}
CVE-2019-11487;{'None'}
CVE-2019-11486;{'None'}
CVE-2019-7303;{'None'}
CVE-2013-7470;{'None'}
CVE-2011-3151;{'None'}
CVE-2019-11191;{'None'}
CVE-2019-11190;{'None'}
CVE-2019-3460;{'None'}
CVE-2019-3459;{'None'}
CVE-2018-20449;{'None'}
CVE-2019-8956;{'None'}
CVE-2019-10125;{'None'}
CVE-2019-10063;{'None'}
CVE-2019-9857;{'None'}
CVE-2019-7222;{'None'}
CVE-2019-7221;{'None'}
CVE-2018-20669;{'None'}
CVE-2018-19985;{'None'}
CVE-2019-9213;{'None'}
CVE-2019-9162;{'None'}
CVE-2019-9112;{'None'}
CVE-2019-9111;{'None'}
CVE-2018-20788;{'None'}
CVE-2018-20787;{'None'}
CVE-2019-9003;{'None'}
CVE-2018-20784;{'None'}
CVE-2019-8980;{'None'}
CVE-2019-8912;{'None'}
CVE-2019-6974;{'None'}
CVE-2018-13893;{'None'}
CVE-2018-13889;{'None'}
CVE-2018-12014;{'None'}
CVE-2018-12011;{'None'}
CVE-2018-12010;{'None'}
CVE-2018-12006;{'None'}
CVE-2018-11962;{'None'}
CVE-2019-7308;{'None'}
CVE-2016-10741;{'None'}
CVE-2017-18360;{'None'}
CVE-2018-16880;{'None'}
CVE-2019-3819;{'None'}
CVE-2019-5489;{'None'}
CVE-2019-3701;{'None'}
CVE-2018-16885;{'None'}
CVE-2018-16882;{'None'}
CVE-2018-20511;{'None'}
CVE-2018-11988;{'None'}
CVE-2018-11987;{'None'}
CVE-2018-11986;{'None'}
CVE-2018-11985;{'None'}
CVE-2018-11984;{'None'}
CVE-2018-11983;{'None'}
CVE-2018-11965;{'None'}
CVE-2018-11964;{'None'}
CVE-2018-11963;{'None'}
CVE-2018-11961;{'None'}
CVE-2018-11960;{'None'}
CVE-2017-9704;{'None'}
CVE-2018-16884;{'None'}
CVE-2018-20169;{'None'}
CVE-2018-18397;{'None'}
CVE-2018-11905;{'None'}
CVE-2017-15835;{'None'}
CVE-2017-14888;{'None'}
CVE-2018-19939;{'None'}
CVE-2018-19854;{'None'}
CVE-2018-19824;{'None'}
CVE-2018-5919;{'None'}
CVE-2018-5910;{'None'}
CVE-2018-5909;{'None'}
CVE-2018-5908;{'None'}
CVE-2018-5906;{'None'}
CVE-2018-5904;{'None'}
CVE-2018-5861;{'None'}
CVE-2018-5856;{'None'}
CVE-2018-11995;{'None'}
CVE-2018-11956;{'None'}
CVE-2018-11946;{'None'}
CVE-2018-11943;{'None'}
CVE-2018-11919;{'None'}
CVE-2018-11918;{'None'}
CVE-2018-11914;{'None'}
CVE-2018-11913;{'None'}
CVE-2018-11912;{'None'}
CVE-2018-11911;{'None'}
CVE-2018-11910;{'None'}
CVE-2018-11909;{'None'}
CVE-2018-11908;{'None'}
CVE-2018-11907;{'None'}
CVE-2018-11906;{'None'}
CVE-2018-11823;{'None'}
CVE-2018-11266;{'None'}
CVE-2018-11261;{'None'}
CVE-2018-11260;{'None'}
CVE-2017-11078;{'None'}
CVE-2018-16862;{'None'}
CVE-2018-14646;{'None'}
CVE-2018-19486;{'None'}
CVE-2018-19407;{'None'}
CVE-2018-19406;{'None'}
CVE-2018-18955;{'None'}
CVE-2018-18281;{'None'}
CVE-2017-18281;{'None'}
CVE-2018-18710;{'None'}
CVE-2018-18690;{'None'}
CVE-2018-6559;{'None'}
CVE-2018-18653;{'None'}
CVE-2018-18559;{'None'}
CVE-2018-18386;{'None'}
CVE-2018-18445;{'None'}
CVE-2018-14656;{'None'}
CVE-2018-17977;{'None'}
CVE-2018-18021;{'None'}
CVE-2018-17972;{'None'}
CVE-2018-14634;{'None'}
CVE-2018-14633;{'None'}
CVE-2018-16597;{'None'}
CVE-2018-5905;{'None'}
CVE-2018-3574;{'None'}
CVE-2018-3573;{'None'}
CVE-2018-11904;{'None'}
CVE-2018-11903;{'None'}
CVE-2018-11902;{'None'}
CVE-2018-11898;{'None'}
CVE-2018-11897;{'None'}
CVE-2018-11895;{'None'}
CVE-2018-11894;{'None'}
CVE-2018-11893;{'None'}
CVE-2018-11891;{'None'}
CVE-2018-11889;{'None'}
CVE-2018-11886;{'None'}
CVE-2018-11883;{'None'}
CVE-2018-11878;{'None'}
CVE-2018-17182;{'None'}
CVE-2018-11869;{'None'}
CVE-2018-11868;{'None'}
CVE-2018-11863;{'None'}
CVE-2018-11860;{'None'}
CVE-2018-11852;{'None'}
CVE-2018-11851;{'None'}
CVE-2018-11843;{'None'}
CVE-2018-11842;{'None'}
CVE-2018-11840;{'None'}
CVE-2018-11836;{'None'}
CVE-2018-11832;{'None'}
CVE-2018-11827;{'None'}
CVE-2018-11826;{'None'}
CVE-2018-11818;{'None'}
CVE-2018-11302;{'None'}
CVE-2018-11301;{'None'}
CVE-2018-11300;{'None'}
CVE-2018-11299;{'None'}
CVE-2018-11298;{'None'}
CVE-2018-11297;{'None'}
CVE-2018-11296;{'None'}
CVE-2018-11295;{'None'}
CVE-2018-11294;{'None'}
CVE-2018-11293;{'None'}
CVE-2018-11286;{'None'}
CVE-2018-11281;{'None'}
CVE-2018-11280;{'None'}
CVE-2018-11278;{'None'}
CVE-2018-11276;{'None'}
CVE-2018-11275;{'None'}
CVE-2018-11274;{'None'}
CVE-2018-11273;{'None'}
CVE-2018-11270;{'None'}
CVE-2018-11265;{'None'}
CVE-2017-15844;{'None'}
CVE-2017-15828;{'None'}
CVE-2017-15825;{'None'}
CVE-2017-15818;{'None'}
CVE-2018-14641;{'None'}
CVE-2018-10853;{'None'}
CVE-2018-14625;{'None'}
CVE-2018-16658;{'None'}
CVE-2018-5391;{'None'}
CVE-2018-11263;{'None'}
CVE-2018-6555;{'None'}
CVE-2018-6554;{'None'}
CVE-2018-11262;{'None'}
CVE-2018-16276;{'None'}
CVE-2018-14619;{'None'}
CVE-2018-10938;{'None'}
CVE-2018-10902;{'None'}
CVE-2018-15594;{'None'}
CVE-2018-15572;{'None'}
CVE-2018-15471;{'None'}
CVE-2018-7754;{'None'}
CVE-2018-5995;{'None'}
CVE-2018-5953;{'None'}
CVE-2018-5390;{'None'}
CVE-2018-10883;{'None'}
CVE-2017-7518;{'None'}
CVE-2017-7482;{'None'}
CVE-2018-14734;{'None'}
CVE-2018-14678;{'None'}
CVE-2017-2634;{'None'}
CVE-2017-2618;{'None'}
CVE-2018-10882;{'None'}
CVE-2018-14617;{'None'}
CVE-2018-14616;{'None'}
CVE-2018-14615;{'None'}
CVE-2018-14614;{'None'}
CVE-2018-14613;{'None'}
CVE-2018-14612;{'None'}
CVE-2018-14611;{'None'}
CVE-2018-14610;{'None'}
CVE-2018-14609;{'None'}
CVE-2017-18344;{'None'}
CVE-2018-10881;{'None'}
CVE-2018-10879;{'None'}
CVE-2018-10878;{'None'}
CVE-2018-10876;{'None'}
CVE-2018-10901;{'None'}
CVE-2017-7558;{'None'}
CVE-2018-10880;{'None'}
CVE-2018-10877;{'None'}
CVE-2018-10840;{'None'}
CVE-2016-9604;{'None'}
CVE-2018-10872;{'None'}
CVE-2018-5907;{'None'}
CVE-2018-5886;{'None'}
CVE-2018-5873;{'None'}
CVE-2018-5872;{'None'}
CVE-2018-5865;{'None'}
CVE-2018-5864;{'None'}
CVE-2018-5862;{'None'}
CVE-2018-5859;{'None'}
CVE-2018-5858;{'None'}
CVE-2018-5855;{'None'}
CVE-2018-5853;{'None'}
CVE-2018-3587;{'None'}
CVE-2018-3586;{'None'}
CVE-2018-3570;{'None'}
CVE-2018-11304;{'None'}
CVE-2017-15851;{'None'}
CVE-2018-5899;{'None'}
CVE-2018-5898;{'None'}
CVE-2018-5897;{'None'}
CVE-2018-5896;{'None'}
CVE-2018-5895;{'None'}
CVE-2018-5893;{'None'}
CVE-2018-5890;{'None'}
CVE-2018-5889;{'None'}
CVE-2018-5888;{'None'}
CVE-2018-5887;{'None'}
CVE-2018-5836;{'None'}
CVE-2018-5835;{'None'}
CVE-2018-5834;{'None'}
CVE-2018-5832;{'None'}
CVE-2018-5831;{'None'}
CVE-2018-5830;{'None'}
CVE-2018-5829;{'None'}
CVE-2018-3597;{'None'}
CVE-2018-3577;{'None'}
CVE-2018-3569;{'None'}
CVE-2018-3564;{'None'}
CVE-2017-18159;{'None'}
CVE-2017-18158;{'None'}
CVE-2017-15856;{'None'}
CVE-2017-15824;{'None'}
CVE-2017-14893;{'None'}
CVE-2017-14872;{'None'}
CVE-2018-13406;{'None'}
CVE-2018-13405;{'None'}
CVE-2018-13100;{'None'}
CVE-2018-13099;{'None'}
CVE-2018-13098;{'None'}
CVE-2018-13097;{'None'}
CVE-2018-13096;{'None'}
CVE-2018-13095;{'None'}
CVE-2018-13094;{'None'}
CVE-2018-13093;{'None'}
CVE-2018-12896;{'None'}
CVE-2018-13053;{'None'}
CVE-2018-12931;{'None'}
CVE-2018-12930;{'None'}
CVE-2018-12929;{'None'}
CVE-2018-12928;{'None'}
CVE-2018-12904;{'None'}
CVE-2018-1000204;{'None'}
CVE-2018-12714;{'None'}
CVE-2018-12633;{'None'}
CVE-2016-10723;{'None'}
CVE-2018-1120;{'None'}
CVE-2018-5863;{'None'}
CVE-2018-5860;{'None'}
CVE-2017-18169;{'None'}
CVE-2018-5857;{'None'}
CVE-2018-5854;{'None'}
CVE-2018-5851;{'None'}
CVE-2018-5849;{'None'}
CVE-2018-5848;{'None'}
CVE-2018-5847;{'None'}
CVE-2018-5844;{'None'}
CVE-2018-5843;{'None'}
CVE-2018-5842;{'None'}
CVE-2018-3582;{'None'}
CVE-2018-3581;{'None'}
CVE-2018-3579;{'None'}
CVE-2018-3576;{'None'}
CVE-2018-3572;{'None'}
CVE-2018-3571;{'None'}
CVE-2017-18070;{'None'}
CVE-2017-15857;{'None'}
CVE-2017-15854;{'None'}
CVE-2017-15843;{'None'}
CVE-2017-15842;{'None'}
CVE-2018-5814;{'None'}
CVE-2018-5803;{'None'}
CVE-2018-12233;{'None'}
CVE-2018-12232;{'None'}
CVE-2018-5850;{'None'}
CVE-2018-5846;{'None'}
CVE-2018-5845;{'None'}
CVE-2018-5841;{'None'}
CVE-2018-5840;{'None'}
CVE-2018-3580;{'None'}
CVE-2018-3578;{'None'}
CVE-2018-3565;{'None'}
CVE-2018-3562;{'None'}
CVE-2017-18154;{'None'}
CVE-2018-1000200;{'None'}
CVE-2018-11508;{'None'}
CVE-2018-11506;{'None'}
CVE-2018-11412;{'None'}
CVE-2018-1000199;{'None'}
CVE-2018-1108;{'None'}
CVE-2017-18270;{'None'}
CVE-2018-11232;{'None'}
CVE-2018-5827;{'None'}
CVE-2018-3568;{'None'}
CVE-2018-3567;{'None'}
CVE-2017-15855;{'None'}
CVE-2018-1087;{'None'}
CVE-2018-1118;{'None'}
CVE-2018-1130;{'None'}
CVE-2018-10940;{'None'}
CVE-2018-6920;{'None'}
CVE-2018-8897;{'None'}
CVE-2018-10689;{'None'}
CVE-2018-10675;{'None'}
CVE-2018-10323;{'None'}
CVE-2018-10322;{'None'}
CVE-2018-8781;{'None'}
CVE-2017-18261;{'None'}
CVE-2016-10458;{'None'}
CVE-2018-10124;{'None'}
CVE-2018-10087;{'None'}
CVE-2018-10074;{'None'}
CVE-2018-10021;{'None'}
CVE-2015-9016;{'None'}
CVE-2017-18257;{'None'}
CVE-2018-5828;{'None'}
CVE-2018-5826;{'None'}
CVE-2018-5825;{'None'}
CVE-2018-5824;{'None'}
CVE-2018-5823;{'None'}
CVE-2018-5822;{'None'}
CVE-2018-5821;{'None'}
CVE-2018-5820;{'None'}
CVE-2018-3599;{'None'}
CVE-2018-3598;{'None'}
CVE-2018-3596;{'None'}
CVE-2018-3584;{'None'}
CVE-2018-3566;{'None'}
CVE-2018-3563;{'None'}
CVE-2017-18147;{'None'}
CVE-2017-17770;{'None'}
CVE-2017-15853;{'None'}
CVE-2017-15837;{'None'}
CVE-2017-15836;{'None'}
CVE-2017-15822;{'None'}
CVE-2017-14894;{'None'}
CVE-2017-14890;{'None'}
CVE-2017-14880;{'None'}
CVE-2017-11075;{'None'}
CVE-2018-1095;{'None'}
CVE-2018-1094;{'None'}
CVE-2018-1093;{'None'}
CVE-2018-1092;{'None'}
CVE-2017-18255;{'None'}
CVE-2018-7566;{'None'}
CVE-2017-9681;{'None'}
CVE-2018-1091;{'None'}
CVE-2017-18249;{'None'}
CVE-2017-18241;{'None'}
CVE-2018-8822;{'None'}
CVE-2018-3561;{'None'}
CVE-2018-3560;{'None'}
CVE-2017-18066;{'None'}
CVE-2017-18065;{'None'}
CVE-2017-18062;{'None'}
CVE-2017-18061;{'None'}
CVE-2017-18060;{'None'}
CVE-2017-18059;{'None'}
CVE-2017-18058;{'None'}
CVE-2017-18057;{'None'}
CVE-2017-18055;{'None'}
CVE-2017-18054;{'None'}
CVE-2017-18053;{'None'}
CVE-2017-18052;{'None'}
CVE-2017-18051;{'None'}
CVE-2017-18050;{'None'}
CVE-2017-15834;{'None'}
CVE-2017-15833;{'None'}
CVE-2017-15831;{'None'}
CVE-2017-15830;{'None'}
CVE-2017-15814;{'None'}
CVE-2017-14889;{'None'}
CVE-2017-14887;{'None'}
CVE-2017-11082;{'None'}
CVE-2017-11074;{'None'}
CVE-2018-1068;{'None'}
CVE-2017-18069;{'None'}
CVE-2017-18068;{'None'}
CVE-2017-18067;{'None'}
CVE-2017-18064;{'None'}
CVE-2017-18063;{'None'}
CVE-2017-18056;{'None'}
CVE-2017-15821;{'None'}
CVE-2017-15815;{'None'}
CVE-2017-14885;{'None'}
CVE-2017-14882;{'None'}
CVE-2017-14878;{'None'}
CVE-2016-10393;{'None'}
CVE-2017-18232;{'None'}
CVE-2018-8087;{'None'}
CVE-2017-18224;{'None'}
CVE-2018-8043;{'None'}
CVE-2018-7995;{'None'}
CVE-2018-7757;{'None'}
CVE-2017-18222;{'None'}
CVE-2018-7755;{'None'}
CVE-2018-7740;{'None'}
CVE-2017-18221;{'None'}
CVE-2017-18218;{'None'}
CVE-2017-18216;{'None'}
CVE-2018-1066;{'None'}
CVE-2018-1065;{'None'}
CVE-2017-18208;{'None'}
CVE-2017-18204;{'None'}
CVE-2017-18203;{'None'}
CVE-2017-18202;{'None'}
CVE-2018-7492;{'None'}
CVE-2017-18200;{'None'}
CVE-2018-7480;{'None'}
CVE-2017-17767;{'None'}
CVE-2017-17765;{'None'}
CVE-2017-17764;{'None'}
CVE-2017-15862;{'None'}
CVE-2017-15861;{'None'}
CVE-2017-15860;{'None'}
CVE-2017-15829;{'None'}
CVE-2017-15820;{'None'}
CVE-2017-15817;{'None'}
CVE-2017-14884;{'None'}
CVE-2017-18193;{'None'}
CVE-2018-7273;{'None'}
CVE-2018-6927;{'None'}
CVE-2017-18174;{'None'}
CVE-2018-1000028;{'None'}
CVE-2018-1000026;{'None'}
CVE-2014-8171;{'None'}
CVE-2014-3519;{'None'}
CVE-2017-16914;{'None'}
CVE-2017-16913;{'None'}
CVE-2017-16912;{'None'}
CVE-2017-16911;{'None'}
CVE-2018-6412;{'None'}
CVE-2017-18079;{'None'}
CVE-2018-5750;{'None'}
CVE-2017-18075;{'None'}
CVE-2015-1142857;{'None'}
CVE-2018-1000004;{'None'}
CVE-2017-11072;{'None'}
CVE-2018-5703;{'None'}
CVE-2017-15128;{'None'}
CVE-2017-15127;{'None'}
CVE-2017-15126;{'None'}
CVE-2017-13220;{'None'}
CVE-2018-5344;{'None'}
CVE-2018-5333;{'None'}
CVE-2018-5332;{'None'}
CVE-2017-9712;{'None'}
CVE-2017-9705;{'None'}
CVE-2017-9689;{'None'}
CVE-2017-15850;{'None'}
CVE-2017-15848;{'None'}
CVE-2017-15847;{'None'}
CVE-2017-15845;{'None'}
CVE-2017-14879;{'None'}
CVE-2017-14873;{'None'}
CVE-2017-14870;{'None'}
CVE-2017-14869;{'None'}
CVE-2017-11081;{'None'}
CVE-2017-11080;{'None'}
CVE-2017-11079;{'None'}
CVE-2017-11066;{'None'}
CVE-2017-11003;{'None'}
CVE-2017-15849;{'None'}
CVE-2017-11069;{'None'}
CVE-2017-15129;{'None'}
CVE-2017-18017;{'None'}
CVE-2017-17975;{'None'}
CVE-2016-3695;{'None'}
CVE-2017-17864;{'None'}
CVE-2017-17863;{'None'}
CVE-2017-17862;{'None'}
CVE-2017-17857;{'None'}
CVE-2017-17856;{'None'}
CVE-2017-17855;{'None'}
CVE-2017-17854;{'None'}
CVE-2017-17853;{'None'}
CVE-2017-17852;{'None'}
CVE-2017-16996;{'None'}
CVE-2017-16995;{'None'}
CVE-2017-17807;{'None'}
CVE-2017-17806;{'None'}
CVE-2017-17805;{'None'}
CVE-2017-17741;{'None'}
CVE-2017-17712;{'None'}
CVE-2017-17558;{'None'}
CVE-2017-1000407;{'None'}
CVE-2017-1000410;{'None'}
CVE-2017-17450;{'None'}
CVE-2017-17449;{'None'}
CVE-2017-17448;{'None'}
CVE-2017-15868;{'None'}
CVE-2017-9716;{'None'}
CVE-2017-6211;{'None'}
CVE-2017-14918;{'None'}
CVE-2017-14917;{'None'}
CVE-2017-14916;{'None'}
CVE-2017-14914;{'None'}
CVE-2017-14909;{'None'}
CVE-2017-14908;{'None'}
CVE-2017-14904;{'None'}
CVE-2017-14902;{'None'}
CVE-2017-14897;{'None'}
CVE-2017-14895;{'None'}
CVE-2017-11043;{'None'}
CVE-2017-11007;{'None'}
CVE-2017-11006;{'None'}
CVE-2017-11005;{'None'}
CVE-2017-9722;{'None'}
CVE-2017-9718;{'None'}
CVE-2017-9710;{'None'}
CVE-2017-9709;{'None'}
CVE-2017-9708;{'None'}
CVE-2017-9703;{'None'}
CVE-2017-9700;{'None'}
CVE-2017-9698;{'None'}
CVE-2017-15813;{'None'}
CVE-2017-14907;{'None'}
CVE-2017-14905;{'None'}
CVE-2017-14903;{'None'}
CVE-2017-14901;{'None'}
CVE-2017-14900;{'None'}
CVE-2017-14899;{'None'}
CVE-2017-14898;{'None'}
CVE-2017-14896;{'None'}
CVE-2017-11049;{'None'}
CVE-2017-11047;{'None'}
CVE-2017-11045;{'None'}
CVE-2017-11044;{'None'}
CVE-2017-11042;{'None'}
CVE-2017-11033;{'None'}
CVE-2017-11031;{'None'}
CVE-2017-11030;{'None'}
CVE-2017-11019;{'None'}
CVE-2017-11016;{'None'}
CVE-2017-8824;{'None'}
CVE-2017-1000405;{'None'}
CVE-2017-15116;{'None'}
CVE-2017-17053;{'None'}
CVE-2017-17052;{'None'}
CVE-2017-16994;{'None'}
CVE-2017-16939;{'None'}
CVE-2017-12193;{'None'}
CVE-2017-12190;{'None'}
CVE-2017-0861;{'None'}
CVE-2017-9721;{'None'}
CVE-2017-9719;{'None'}
CVE-2017-9702;{'None'}
CVE-2017-9701;{'None'}
CVE-2017-9696;{'None'}
CVE-2017-9690;{'None'}
CVE-2017-8279;{'None'}
CVE-2017-11093;{'None'}
CVE-2017-11092;{'None'}
CVE-2017-11091;{'None'}
CVE-2017-11090;{'None'}
CVE-2017-11089;{'None'}
CVE-2017-11085;{'None'}
CVE-2017-11073;{'None'}
CVE-2017-11058;{'None'}
CVE-2017-11038;{'None'}
CVE-2017-11035;{'None'}
CVE-2017-11032;{'None'}
CVE-2017-11029;{'None'}
CVE-2017-11028;{'None'}
CVE-2017-11027;{'None'}
CVE-2017-11026;{'None'}
CVE-2017-11025;{'None'}
CVE-2017-11024;{'None'}
CVE-2017-11023;{'None'}
CVE-2017-11022;{'None'}
CVE-2017-11018;{'None'}
CVE-2017-11017;{'None'}
CVE-2017-11015;{'None'}
CVE-2017-11014;{'None'}
CVE-2017-11013;{'None'}
CVE-2017-11012;{'None'}
CVE-2017-15115;{'None'}
CVE-2017-15102;{'None'}
CVE-2017-16650;{'None'}
CVE-2017-16649;{'None'}
CVE-2017-16648;{'None'}
CVE-2017-16647;{'None'}
CVE-2017-16646;{'None'}
CVE-2017-16645;{'None'}
CVE-2017-16644;{'None'}
CVE-2017-16643;{'None'}
CVE-2017-15306;{'None'}
CVE-2017-16539;{'None'}
CVE-2017-16538;{'None'}
CVE-2017-16537;{'None'}
CVE-2017-16536;{'None'}
CVE-2017-16535;{'None'}
CVE-2017-16534;{'None'}
CVE-2017-16533;{'None'}
CVE-2017-16532;{'None'}
CVE-2017-16531;{'None'}
CVE-2017-16530;{'None'}
CVE-2017-16529;{'None'}
CVE-2017-16528;{'None'}
CVE-2017-16527;{'None'}
CVE-2017-16526;{'None'}
CVE-2017-16525;{'None'}
CVE-2017-1000255;{'None'}
CVE-2006-5331;{'None'}
CVE-2017-15951;{'None'}
CVE-2017-15649;{'None'}
CVE-2017-15537;{'None'}
CVE-2017-15265;{'None'}
CVE-2017-15299;{'None'}
CVE-2017-15274;{'None'}
CVE-2017-12192;{'None'}
CVE-2017-12188;{'None'}
CVE-2017-9717;{'None'}
CVE-2017-9715;{'None'}
CVE-2017-9714;{'None'}
CVE-2017-9706;{'None'}
CVE-2017-9697;{'None'}
CVE-2017-9687;{'None'}
CVE-2017-9686;{'None'}
CVE-2017-9683;{'None'}
CVE-2017-11067;{'None'}
CVE-2017-11064;{'None'}
CVE-2017-11063;{'None'}
CVE-2017-11062;{'None'}
CVE-2017-11061;{'None'}
CVE-2017-11060;{'None'}
CVE-2017-11059;{'None'}
CVE-2017-11057;{'None'}
CVE-2017-11056;{'None'}
CVE-2017-11055;{'None'}
CVE-2017-11054;{'None'}
CVE-2017-11053;{'None'}
CVE-2017-11052;{'None'}
CVE-2017-11051;{'None'}
CVE-2017-11050;{'None'}
CVE-2017-11048;{'None'}
CVE-2017-11046;{'None'}
CVE-2017-1000253;{'None'}
CVE-2017-1000117;{'None'}
CVE-2017-1000112;{'None'}
CVE-2017-1000111;{'None'}
CVE-2017-14991;{'None'}
CVE-2017-14954;{'None'}
CVE-2017-12154;{'None'}
CVE-2017-1000252;{'None'}
CVE-2015-5327;{'None'}
CVE-2017-9725;{'None'}
CVE-2017-9724;{'None'}
CVE-2017-9720;{'None'}
CVE-2017-9677;{'None'}
CVE-2017-9676;{'None'}
CVE-2017-8281;{'None'}
CVE-2017-8280;{'None'}
CVE-2017-8278;{'None'}
CVE-2017-8277;{'None'}
CVE-2017-8251;{'None'}
CVE-2017-8250;{'None'}
CVE-2017-8247;{'None'}
CVE-2017-12153;{'None'}
CVE-2017-11041;{'None'}
CVE-2017-11040;{'None'}
CVE-2017-11002;{'None'}
CVE-2017-11001;{'None'}
CVE-2017-11000;{'None'}
CVE-2017-10999;{'None'}
CVE-2017-10998;{'None'}
CVE-2017-10997;{'None'}
CVE-2017-10996;{'None'}
CVE-2017-12168;{'None'}
CVE-2015-7837;{'None'}
CVE-2017-14497;{'None'}
CVE-2017-14340;{'None'}
CVE-2017-14489;{'None'}
CVE-2015-7553;{'None'}
CVE-2017-1000251;{'None'}
CVE-2017-12146;{'None'}
CVE-2017-14156;{'None'}
CVE-2017-14140;{'None'}
CVE-2017-14106;{'None'}
CVE-2017-14051;{'None'}
CVE-2017-13715;{'None'}
CVE-2017-13695;{'None'}
CVE-2017-13694;{'None'}
CVE-2017-13693;{'None'}
CVE-2017-13686;{'None'}
CVE-2017-10663;{'None'}
CVE-2017-10662;{'None'}
CVE-2017-10661;{'None'}
CVE-2017-9685;{'None'}
CVE-2017-9684;{'None'}
CVE-2017-9682;{'None'}
CVE-2017-9680;{'None'}
CVE-2017-9679;{'None'}
CVE-2017-9678;{'None'}
CVE-2017-7364;{'None'}
CVE-2017-8272;{'None'}
CVE-2017-8270;{'None'}
CVE-2017-8268;{'None'}
CVE-2017-8267;{'None'}
CVE-2017-8266;{'None'}
CVE-2017-8265;{'None'}
CVE-2017-8263;{'None'}
CVE-2017-8262;{'None'}
CVE-2017-8261;{'None'}
CVE-2017-8260;{'None'}
CVE-2017-8257;{'None'}
CVE-2017-8256;{'None'}
CVE-2017-8255;{'None'}
CVE-2017-8254;{'None'}
CVE-2017-8253;{'None'}
CVE-2016-5872;{'None'}
CVE-2016-5871;{'None'}
CVE-2016-10392;{'None'}
CVE-2016-10391;{'None'}
CVE-2016-10390;{'None'}
CVE-2016-10389;{'None'}
CVE-2016-10388;{'None'}
CVE-2016-10387;{'None'}
CVE-2016-10386;{'None'}
CVE-2016-10385;{'None'}
CVE-2016-10384;{'None'}
CVE-2016-10383;{'None'}
CVE-2016-10382;{'None'}
CVE-2016-10381;{'None'}
CVE-2016-10380;{'None'}
CVE-2016-10347;{'None'}
CVE-2016-10346;{'None'}
CVE-2016-10344;{'None'}
CVE-2016-10343;{'None'}
CVE-2015-9073;{'None'}
CVE-2015-9072;{'None'}
CVE-2015-9071;{'None'}
CVE-2015-9070;{'None'}
CVE-2015-9069;{'None'}
CVE-2015-9068;{'None'}
CVE-2015-9067;{'None'}
CVE-2015-9066;{'None'}
CVE-2015-9065;{'None'}
CVE-2015-9064;{'None'}
CVE-2015-9063;{'None'}
CVE-2015-9062;{'None'}
CVE-2015-9061;{'None'}
CVE-2015-9060;{'None'}
CVE-2015-9055;{'None'}
CVE-2015-9054;{'None'}
CVE-2015-9053;{'None'}
CVE-2015-9052;{'None'}
CVE-2015-9051;{'None'}
CVE-2015-9050;{'None'}
CVE-2015-9049;{'None'}
CVE-2015-9048;{'None'}
CVE-2015-9047;{'None'}
CVE-2015-9046;{'None'}
CVE-2015-9045;{'None'}
CVE-2015-9044;{'None'}
CVE-2015-9043;{'None'}
CVE-2015-9042;{'None'}
CVE-2015-9041;{'None'}
CVE-2015-9040;{'None'}
CVE-2015-9039;{'None'}
CVE-2015-9038;{'None'}
CVE-2015-9037;{'None'}
CVE-2015-9036;{'None'}
CVE-2015-9035;{'None'}
CVE-2015-9034;{'None'}
CVE-2015-8596;{'None'}
CVE-2015-8595;{'None'}
CVE-2015-8594;{'None'}
CVE-2015-8593;{'None'}
CVE-2015-8592;{'None'}
CVE-2015-0576;{'None'}
CVE-2015-0575;{'None'}
CVE-2015-0574;{'None'}
CVE-2014-9981;{'None'}
CVE-2014-9980;{'None'}
CVE-2014-9979;{'None'}
CVE-2014-9978;{'None'}
CVE-2014-9977;{'None'}
CVE-2014-9976;{'None'}
CVE-2014-9975;{'None'}
CVE-2014-9974;{'None'}
CVE-2014-9973;{'None'}
CVE-2014-9972;{'None'}
CVE-2014-9971;{'None'}
CVE-2014-9969;{'None'}
CVE-2014-9968;{'None'}
CVE-2014-9411;{'None'}
CVE-2016-5853;{'None'}
CVE-2016-5347;{'None'}
CVE-2017-12426;{'None'}
CVE-2017-8273;{'None'}
CVE-2017-8271;{'None'}
CVE-2017-8269;{'None'}
CVE-2017-8264;{'None'}
CVE-2017-8259;{'None'}
CVE-2017-8258;{'None'}
CVE-2017-12762;{'None'}
CVE-2017-0750;{'None'}
CVE-2017-0749;{'None'}
CVE-2006-3635;{'None'}
CVE-2017-7533;{'None'}
CVE-2017-7541;{'None'}
CVE-2017-11600;{'None'}
CVE-2017-7542;{'None'}
CVE-2017-11473;{'None'}
CVE-2017-11472;{'None'}
CVE-2017-1000363;{'None'}
CVE-2017-11176;{'None'}
CVE-2017-0710;{'None'}
CVE-2017-10911;{'None'}
CVE-2017-10810;{'None'}
CVE-2017-8797;{'None'}
CVE-2017-9986;{'None'}
CVE-2017-9985;{'None'}
CVE-2017-9984;{'None'}
CVE-2017-1000379;{'None'}
CVE-2017-1000377;{'None'}
CVE-2017-1000371;{'None'}
CVE-2017-1000370;{'None'}
CVE-2017-1000365;{'None'}
CVE-2017-1000364;{'None'}
CVE-2017-1000380;{'None'}
CVE-2017-8242;{'None'}
CVE-2017-8241;{'None'}
CVE-2017-8240;{'None'}
CVE-2017-8239;{'None'}
CVE-2017-8238;{'None'}
CVE-2017-8237;{'None'}
CVE-2017-8236;{'None'}
CVE-2017-8235;{'None'}
CVE-2017-8234;{'None'}
CVE-2017-8233;{'None'}
CVE-2017-7373;{'None'}
CVE-2017-7372;{'None'}
CVE-2017-7371;{'None'}
CVE-2017-7370;{'None'}
CVE-2017-7369;{'None'}
CVE-2017-7368;{'None'}
CVE-2017-7367;{'None'}
CVE-2017-7366;{'None'}
CVE-2017-7365;{'None'}
CVE-2016-10342;{'None'}
CVE-2016-10341;{'None'}
CVE-2016-10340;{'None'}
CVE-2016-10339;{'None'}
CVE-2016-10338;{'None'}
CVE-2016-10337;{'None'}
CVE-2016-10336;{'None'}
CVE-2016-10335;{'None'}
CVE-2016-10334;{'None'}
CVE-2016-10333;{'None'}
CVE-2016-10332;{'None'}
CVE-2015-9033;{'None'}
CVE-2015-9032;{'None'}
CVE-2015-9031;{'None'}
CVE-2015-9030;{'None'}
CVE-2015-9029;{'None'}
CVE-2015-9028;{'None'}
CVE-2015-9027;{'None'}
CVE-2015-9026;{'None'}
CVE-2015-9025;{'None'}
CVE-2015-9024;{'None'}
CVE-2015-9023;{'None'}
CVE-2015-9022;{'None'}
CVE-2015-9021;{'None'}
CVE-2015-9020;{'None'}
CVE-2014-9967;{'None'}
CVE-2014-9966;{'None'}
CVE-2014-9965;{'None'}
CVE-2014-9964;{'None'}
CVE-2014-9963;{'None'}
CVE-2014-9962;{'None'}
CVE-2014-9961;{'None'}
CVE-2014-9960;{'None'}
CVE-2017-9605;{'None'}
CVE-2016-10297;{'None'}
CVE-2015-9007;{'None'}
CVE-2015-9006;{'None'}
CVE-2015-9005;{'None'}
CVE-2014-9952;{'None'}
CVE-2014-9951;{'None'}
CVE-2014-9950;{'None'}
CVE-2014-9949;{'None'}
CVE-2014-9948;{'None'}
CVE-2014-9947;{'None'}
CVE-2014-9946;{'None'}
CVE-2014-9945;{'None'}
CVE-2014-9944;{'None'}
CVE-2014-9943;{'None'}
CVE-2014-9942;{'None'}
CVE-2014-9941;{'None'}
CVE-2014-9930;{'None'}
CVE-2014-9929;{'None'}
CVE-2014-9928;{'None'}
CVE-2014-9927;{'None'}
CVE-2014-9926;{'None'}
CVE-2014-9925;{'None'}
CVE-2014-9924;{'None'}
CVE-2014-9923;{'None'}
CVE-2017-9242;{'None'}
CVE-2017-9211;{'None'}
CVE-2017-9150;{'None'}
CVE-2017-9077;{'None'}
CVE-2017-9076;{'None'}
CVE-2017-9075;{'None'}
CVE-2017-9074;{'None'}
CVE-2017-9059;{'None'}
CVE-2016-10242;{'None'}
CVE-2016-10239;{'None'}
CVE-2016-10238;{'None'}
CVE-2016-10237;{'None'}
CVE-2015-9003;{'None'}
CVE-2015-9002;{'None'}
CVE-2015-9001;{'None'}
CVE-2015-9000;{'None'}
CVE-2015-8999;{'None'}
CVE-2015-8998;{'None'}
CVE-2015-8997;{'None'}
CVE-2015-8996;{'None'}
CVE-2015-8995;{'None'}
CVE-2014-9937;{'None'}
CVE-2014-9936;{'None'}
CVE-2014-9935;{'None'}
CVE-2014-9934;{'None'}
CVE-2014-9933;{'None'}
CVE-2014-9932;{'None'}
CVE-2014-9931;{'None'}
CVE-2017-7495;{'None'}
CVE-2017-7487;{'None'}
CVE-2017-8925;{'None'}
CVE-2017-8924;{'None'}
CVE-2017-8246;{'None'}
CVE-2017-8245;{'None'}
CVE-2017-8244;{'None'}
CVE-2017-7472;{'None'}
CVE-2017-8890;{'None'}
CVE-2017-8831;{'None'}
CVE-2015-9004;{'None'}
CVE-2014-9940;{'None'}
CVE-2017-7895;{'None'}
CVE-2017-7477;{'None'}
CVE-2017-8106;{'None'}
CVE-2010-5329;{'None'}
CVE-2010-5321;{'None'}
CVE-2007-6761;{'None'}
CVE-2017-8072;{'None'}
CVE-2017-8071;{'None'}
CVE-2017-8070;{'None'}
CVE-2017-8069;{'None'}
CVE-2017-8068;{'None'}
CVE-2017-8067;{'None'}
CVE-2017-8066;{'None'}
CVE-2017-8065;{'None'}
CVE-2017-8064;{'None'}
CVE-2017-8063;{'None'}
CVE-2017-8062;{'None'}
CVE-2017-8061;{'None'}
CVE-2017-7979;{'None'}
CVE-2017-7645;{'None'}
CVE-2017-7889;{'None'}
CVE-2016-5011;{'None'}
CVE-2017-7618;{'None'}
CVE-2017-7616;{'None'}
CVE-2016-5349;{'None'}
CVE-2017-2671;{'None'}
CVE-2016-5870;{'None'}
CVE-2016-10318;{'None'}
CVE-2016-10229;{'None'}
CVE-2014-9922;{'None'}
CVE-2017-7374;{'None'}
CVE-2017-2647;{'None'}
CVE-2017-7346;{'None'}
CVE-2017-7308;{'None'}
CVE-2017-7294;{'None'}
CVE-2017-7277;{'None'}
CVE-2017-7273;{'None'}
CVE-2016-10225;{'None'}
CVE-2017-7261;{'None'}
CVE-2017-5897;{'None'}
CVE-2017-5206;{'None'}
CVE-2017-7187;{'None'}
CVE-2017-7184;{'None'}
CVE-2017-6951;{'None'}
CVE-2017-6516;{'None'}
CVE-2017-6874;{'None'}
CVE-2017-2636;{'None'}
CVE-2016-10200;{'None'}
CVE-2015-2877;{'None'}
CVE-2017-6353;{'None'}
CVE-2017-6348;{'None'}
CVE-2017-6347;{'None'}
CVE-2017-6346;{'None'}
CVE-2017-6345;{'None'}
CVE-2017-5669;{'None'}
CVE-2017-6214;{'None'}
CVE-2016-8636;{'None'}
CVE-2017-6074;{'None'}
CVE-2017-6001;{'None'}
CVE-2017-5986;{'None'}
CVE-2017-0318;{'None'}
CVE-2016-1881;{'None'}
CVE-2016-1880;{'None'}
CVE-2017-5972;{'None'}
CVE-2017-5970;{'None'}
CVE-2017-5967;{'None'}
CVE-2016-10044;{'None'}
CVE-2014-9914;{'None'}
CVE-2017-5577;{'None'}
CVE-2017-5576;{'None'}
CVE-2017-5551;{'None'}
CVE-2017-5550;{'None'}
CVE-2017-5549;{'None'}
CVE-2017-5548;{'None'}
CVE-2017-5547;{'None'}
CVE-2017-5546;{'None'}
CVE-2017-2596;{'None'}
CVE-2017-2583;{'None'}
CVE-2016-10208;{'None'}
CVE-2016-10154;{'None'}
CVE-2016-10153;{'None'}
CVE-2016-10150;{'None'}
CVE-2010-5328;{'None'}
CVE-2016-10147;{'None'}
CVE-2017-2584;{'None'}
CVE-2016-9754;{'None'}
CVE-2016-10088;{'None'}
CVE-2016-9806;{'None'}
CVE-2016-9794;{'None'}
CVE-2016-9793;{'None'}
CVE-2016-9777;{'None'}
CVE-2016-9756;{'None'}
CVE-2016-9755;{'None'}
CVE-2016-9685;{'None'}
CVE-2016-9588;{'None'}
CVE-2016-9576;{'None'}
CVE-2016-6787;{'None'}
CVE-2016-6786;{'None'}
CVE-2016-6213;{'None'}
CVE-2012-6704;{'None'}
CVE-2016-8826;{'None'}
CVE-2016-9120;{'None'}
CVE-2015-8967;{'None'}
CVE-2015-8966;{'None'}
CVE-2016-9919;{'None'}
CVE-2016-8655;{'None'}
CVE-2016-3044;{'None'}
CVE-2016-9644;{'None'}
CVE-2016-9555;{'None'}
CVE-2016-9313;{'None'}
CVE-2016-9191;{'None'}
CVE-2016-9178;{'None'}
CVE-2016-9084;{'None'}
CVE-2016-9083;{'None'}
CVE-2016-8650;{'None'}
CVE-2016-8646;{'None'}
CVE-2016-8645;{'None'}
CVE-2016-8633;{'None'}
CVE-2016-8632;{'None'}
CVE-2016-8630;{'None'}
CVE-2015-8970;{'None'}
CVE-2015-1328;{'None'}
CVE-2016-7917;{'None'}
CVE-2016-7916;{'None'}
CVE-2016-7915;{'None'}
CVE-2016-7914;{'None'}
CVE-2016-7913;{'None'}
CVE-2016-7912;{'None'}
CVE-2016-7911;{'None'}
CVE-2016-7910;{'None'}
CVE-2015-8964;{'None'}
CVE-2015-8963;{'None'}
CVE-2015-8962;{'None'}
CVE-2015-8961;{'None'}
CVE-2016-5195;{'None'}
CVE-2016-7389;{'None'}
CVE-2016-7382;{'None'}
CVE-2016-8666;{'None'}
CVE-2016-8660;{'None'}
CVE-2016-8658;{'None'}
CVE-2016-7425;{'None'}
CVE-2016-7097;{'None'}
CVE-2016-7042;{'None'}
CVE-2016-7039;{'None'}
CVE-2016-6828;{'None'}
CVE-2016-6327;{'None'}
CVE-2015-8953;{'None'}
CVE-2015-8952;{'None'}
CVE-2015-3288;{'None'}
CVE-2016-7117;{'None'}
CVE-2016-5343;{'None'}
CVE-2015-8956;{'None'}
CVE-2015-8955;{'None'}
CVE-2015-8950;{'None'}
CVE-2015-0572;{'None'}
CVE-2016-3699;{'None'}
CVE-2016-0617;{'None'}
CVE-2016-7118;{'None'}
CVE-2016-5344;{'None'}
CVE-2016-5342;{'None'}
CVE-2016-5340;{'None'}
CVE-2016-2065;{'None'}
CVE-2016-2064;{'None'}
CVE-2016-2063;{'None'}
CVE-2015-0573;{'None'}
CVE-2015-0568;{'None'}
CVE-2014-9410;{'None'}
CVE-2016-6516;{'None'}
CVE-2016-6480;{'None'}
CVE-2016-6198;{'None'}
CVE-2016-6197;{'None'}
CVE-2016-6187;{'None'}
CVE-2016-6162;{'None'}
CVE-2016-6156;{'None'}
CVE-2016-6136;{'None'}
CVE-2016-5696;{'None'}
CVE-2016-5412;{'None'}
CVE-2016-5400;{'None'}
CVE-2016-3841;{'None'}
CVE-2016-3070;{'None'}
CVE-2015-8944;{'None'}
CVE-2014-9900;{'None'}
CVE-2014-9895;{'None'}
CVE-2014-9892;{'None'}
CVE-2014-9888;{'None'}
CVE-2014-9870;{'None'}
CVE-2016-2068;{'None'}
CVE-2016-2067;{'None'}
CVE-2014-9803;{'None'}
CVE-2016-6130;{'None'}
CVE-2016-4998;{'None'}
CVE-2016-4997;{'None'}
CVE-2016-3955;{'None'}
CVE-2016-1237;{'None'}
CVE-2012-6703;{'None'}
CVE-2016-5829;{'None'}
CVE-2016-5828;{'None'}
CVE-2016-5728;{'None'}
CVE-2016-5244;{'None'}
CVE-2016-5243;{'None'}
CVE-2016-4470;{'None'}
CVE-2016-4440;{'None'}
CVE-2016-3713;{'None'}
CVE-2016-3707;{'None'}
CVE-2016-1583;{'None'}
CVE-2016-0758;{'None'}
CVE-2014-9904;{'None'}
CVE-2014-9903;{'None'}
CVE-2016-2066;{'None'}
CVE-2016-2061;{'None'}
CVE-2016-4951;{'None'}
CVE-2016-4913;{'None'}
CVE-2016-4805;{'None'}
CVE-2016-4794;{'None'}
CVE-2016-4581;{'None'}
CVE-2016-4580;{'None'}
CVE-2016-4578;{'None'}
CVE-2016-4569;{'None'}
CVE-2016-4568;{'None'}
CVE-2016-4565;{'None'}
CVE-2016-4558;{'None'}
CVE-2016-4557;{'None'}
CVE-2016-4486;{'None'}
CVE-2016-4485;{'None'}
CVE-2016-4482;{'None'}
CVE-2015-0571;{'None'}
CVE-2015-0570;{'None'}
CVE-2015-0569;{'None'}
CVE-2016-2062;{'None'}
CVE-2016-2059;{'None'}
CVE-2016-3951;{'None'}
CVE-2016-3689;{'None'}
CVE-2016-3140;{'None'}
CVE-2016-3138;{'None'}
CVE-2016-3137;{'None'}
CVE-2016-3136;{'None'}
CVE-2016-2854;{'None'}
CVE-2016-2853;{'None'}
CVE-2016-2188;{'None'}
CVE-2016-2187;{'None'}
CVE-2016-2186;{'None'}
CVE-2016-2185;{'None'}
CVE-2016-2117;{'None'}
CVE-2016-2070;{'None'}
CVE-2016-2053;{'None'}
CVE-2016-1576;{'None'}
CVE-2016-1575;{'None'}
CVE-2015-8839;{'None'}
CVE-2015-8830;{'None'}
CVE-2015-8746;{'None'}
CVE-2015-8324;{'None'}
CVE-2015-8019;{'None'}
CVE-2015-4178;{'None'}
CVE-2015-4177;{'None'}
CVE-2015-4176;{'None'}
CVE-2015-4170;{'None'}
CVE-2015-2686;{'None'}
CVE-2015-2672;{'None'}
CVE-2015-1573;{'None'}
CVE-2015-1350;{'None'}
CVE-2014-9717;{'None'}
CVE-2012-6701;{'None'}
CVE-2012-6689;{'None'}
CVE-2011-5321;{'None'}
CVE-2008-7316;{'None'}
CVE-2003-1604;{'None'}
CVE-2016-3672;{'None'}
CVE-2016-3156;{'None'}
CVE-2016-3139;{'None'}
CVE-2016-3135;{'None'}
CVE-2016-3134;{'None'}
CVE-2016-2847;{'None'}
CVE-2016-2782;{'None'}
CVE-2016-2550;{'None'}
CVE-2016-2549;{'None'}
CVE-2016-2548;{'None'}
CVE-2016-2547;{'None'}
CVE-2016-2546;{'None'}
CVE-2016-2545;{'None'}
CVE-2016-2544;{'None'}
CVE-2016-2543;{'None'}
CVE-2016-2384;{'None'}
CVE-2016-2383;{'None'}
CVE-2016-2184;{'None'}
CVE-2016-2143;{'None'}
CVE-2016-2085;{'None'}
CVE-2016-2069;{'None'}
CVE-2016-0774;{'None'}
CVE-2015-8845;{'None'}
CVE-2015-8844;{'None'}
CVE-2015-8816;{'None'}
CVE-2015-8812;{'None'}
CVE-2015-7515;{'None'}
CVE-2015-1339;{'None'}
CVE-2016-3961;{'None'}
CVE-2015-7545;{'None'}
CVE-2016-3157;{'None'}
CVE-2016-0823;{'None'}
CVE-2016-0821;{'None'}
CVE-2016-0728;{'None'}
CVE-2016-0723;{'None'}
CVE-2015-8787;{'None'}
CVE-2015-8785;{'None'}
CVE-2015-8767;{'None'}
CVE-2015-8709;{'None'}
CVE-2015-8575;{'None'}
CVE-2015-8539;{'None'}
CVE-2015-7566;{'None'}
CVE-2015-7550;{'None'}
CVE-2015-7513;{'None'}
CVE-2013-4312;{'None'}
CVE-2015-8660;{'None'}
CVE-2015-8569;{'None'}
CVE-2015-8543;{'None'}
CVE-2015-8374;{'None'}
CVE-2015-7990;{'None'}
CVE-2015-7885;{'None'}
CVE-2015-7884;{'None'}
CVE-2015-7509;{'None'}
CVE-2013-7446;{'None'}
CVE-2015-7869;{'None'}
CVE-2015-5053;{'None'}
CVE-2015-8215;{'None'}
CVE-2015-8104;{'None'}
CVE-2015-7872;{'None'}
CVE-2015-7312;{'None'}
CVE-2015-5307;{'None'}
CVE-2015-5257;{'None'}
CVE-2015-2925;{'None'}
CVE-2015-5218;{'None'}
CVE-2015-7833;{'None'}
CVE-2015-7799;{'None'}
CVE-2015-7613;{'None'}
CVE-2015-6937;{'None'}
CVE-2015-6252;{'None'}
CVE-2015-5707;{'None'}
CVE-2015-5283;{'None'}
CVE-2015-5156;{'None'}
CVE-2015-0275;{'None'}
CVE-2013-7445;{'None'}
CVE-2015-5950;{'None'}
CVE-2015-6526;{'None'}
CVE-2015-4036;{'None'}
CVE-2015-5706;{'None'}
CVE-2015-5697;{'None'}
CVE-2015-5366;{'None'}
CVE-2015-5364;{'None'}
CVE-2015-5157;{'None'}
CVE-2015-4700;{'None'}
CVE-2015-3291;{'None'}
CVE-2015-3290;{'None'}
CVE-2015-3214;{'None'}
CVE-2015-3212;{'None'}
CVE-2015-1333;{'None'}
CVE-2014-9731;{'None'}
CVE-2014-9730;{'None'}
CVE-2014-9729;{'None'}
CVE-2014-9728;{'None'}
CVE-2015-1805;{'None'}
CVE-2015-3636;{'None'}
CVE-2015-4167;{'None'}
CVE-2015-4692;{'None'}
CVE-2015-4004;{'None'}
CVE-2015-4003;{'None'}
CVE-2015-4002;{'None'}
CVE-2015-4001;{'None'}
CVE-2015-3339;{'None'}
CVE-2015-3332;{'None'}
CVE-2015-3331;{'None'}
CVE-2015-2922;{'None'}
CVE-2015-2830;{'None'}
CVE-2015-2666;{'None'}
CVE-2014-9715;{'None'}
CVE-2014-9710;{'None'}
CVE-2015-3036;{'None'}
CVE-2015-2042;{'None'}
CVE-2015-2041;{'None'}
CVE-2015-1465;{'None'}
CVE-2015-0777;{'None'}
CVE-2015-0199;{'None'}
CVE-2015-1593;{'None'}
CVE-2015-1421;{'None'}
CVE-2015-1420;{'None'}
CVE-2015-0274;{'None'}
CVE-2014-8173;{'None'}
CVE-2014-8172;{'None'}
CVE-2014-8159;{'None'}
CVE-2014-7822;{'None'}
CVE-2015-2150;{'None'}
CVE-2014-9683;{'None'}
CVE-2015-0239;{'None'}
CVE-2014-9644;{'None'}
CVE-2014-8160;{'None'}
CVE-2013-7421;{'None'}
CVE-2014-5332;{'None'}
CVE-2014-9585;{'None'}
CVE-2014-9584;{'None'}
CVE-2014-9529;{'None'}
CVE-2014-9428;{'None'}
CVE-2014-9420;{'None'}
CVE-2014-9419;{'None'}
CVE-2014-7300;{'None'}
CVE-2014-4322;{'None'}
CVE-2014-9322;{'None'}
CVE-2014-8133;{'None'}
CVE-2014-8134;{'None'}
CVE-2014-4323;{'None'}
CVE-2014-9090;{'None'}
CVE-2014-8989;{'None'}
CVE-2014-8884;{'None'}
CVE-2014-7843;{'None'}
CVE-2014-7842;{'None'}
CVE-2014-7841;{'None'}
CVE-2014-3688;{'None'}
CVE-2010-5313;{'None'}
CVE-2014-8709;{'None'}
CVE-2014-8559;{'None'}
CVE-2014-8481;{'None'}
CVE-2014-8480;{'None'}
CVE-2014-8369;{'None'}
CVE-2014-7826;{'None'}
CVE-2014-7825;{'None'}
CVE-2014-7207;{'None'}
CVE-2014-3690;{'None'}
CVE-2014-3687;{'None'}
CVE-2014-3673;{'None'}
CVE-2014-3647;{'None'}
CVE-2014-3646;{'None'}
CVE-2014-3645;{'None'}
CVE-2014-3611;{'None'}
CVE-2014-3610;{'None'}
CVE-2014-8086;{'None'}
CVE-2014-7975;{'None'}
CVE-2014-7970;{'None'}
CVE-2014-7284;{'None'}
CVE-2014-7283;{'None'}
CVE-2014-3535;{'None'}
CVE-2014-0205;{'None'}
CVE-2014-7145;{'None'}
CVE-2014-6418;{'None'}
CVE-2014-6417;{'None'}
CVE-2014-6416;{'None'}
CVE-2014-6410;{'None'}
CVE-2014-3631;{'None'}
CVE-2014-3186;{'None'}
CVE-2014-3185;{'None'}
CVE-2014-3184;{'None'}
CVE-2014-3183;{'None'}
CVE-2014-3182;{'None'}
CVE-2014-3181;{'None'}
CVE-2012-6657;{'None'}
CVE-2014-5472;{'None'}
CVE-2014-5471;{'None'}
CVE-2014-3601;{'None'}
CVE-2013-2597;{'None'}
CVE-2013-2595;{'None'}
CVE-2014-0974;{'None'}
CVE-2014-5207;{'None'}
CVE-2014-5206;{'None'}
CVE-2014-5077;{'None'}
CVE-2014-5045;{'None'}
CVE-2014-3534;{'None'}
CVE-2014-0972;{'None'}
CVE-2014-4943;{'None'}
CVE-2014-4699;{'None'}
CVE-2014-4667;{'None'}
CVE-2014-4656;{'None'}
CVE-2014-4655;{'None'}
CVE-2014-4654;{'None'}
CVE-2014-4653;{'None'}
CVE-2014-4652;{'None'}
CVE-2014-4611;{'None'}
CVE-2014-4608;{'None'}
CVE-2014-0206;{'None'}
CVE-2014-4508;{'None'}
CVE-2014-4171;{'None'}
CVE-2014-4157;{'None'}
CVE-2014-4027;{'None'}
CVE-2014-4014;{'None'}
CVE-2014-1739;{'None'}
CVE-2014-0203;{'None'}
CVE-2014-3153;{'None'}
CVE-2014-3940;{'None'}
CVE-2014-3917;{'None'}
CVE-2014-0240;{'None'}
CVE-2012-6647;{'None'}
CVE-2014-3145;{'None'}
CVE-2014-3144;{'None'}
CVE-2014-3122;{'None'}
CVE-2014-1738;{'None'}
CVE-2014-1737;{'None'}
CVE-2014-0196;{'None'}
CVE-2014-2889;{'None'}
CVE-2014-0181;{'None'}
CVE-2014-2851;{'None'}
CVE-2014-2739;{'None'}
CVE-2014-2706;{'None'}
CVE-2014-0155;{'None'}
CVE-2014-0077;{'None'}
CVE-2014-2678;{'None'}
CVE-2014-2673;{'None'}
CVE-2014-2672;{'None'}
CVE-2013-7348;{'None'}
CVE-2014-0055;{'None'}
CVE-2014-2568;{'None'}
CVE-2014-2523;{'None'}
CVE-2014-0131;{'None'}
CVE-2013-7339;{'None'}
CVE-2014-2309;{'None'}
CVE-2014-0102;{'None'}
CVE-2014-0100;{'None'}
CVE-2014-0101;{'None'}
CVE-2014-0049;{'None'}
CVE-2014-2039;{'None'}
CVE-2014-2038;{'None'}
CVE-2014-1874;{'None'}
CVE-2014-1690;{'None'}
CVE-2014-0069;{'None'}
CVE-2013-4737;{'None'}
CVE-2012-6638;{'None'}
CVE-2012-1088;{'None'}
CVE-2011-2909;{'None'}
CVE-2013-4736;{'None'}
CVE-2014-0038;{'None'}
CVE-2013-4739;{'None'}
CVE-2013-4738;{'None'}
CVE-2014-1446;{'None'}
CVE-2014-1445;{'None'}
CVE-2014-1444;{'None'}
CVE-2014-1438;{'None'}
CVE-2013-6123;{'None'}
CVE-2013-7281;{'None'}
CVE-2013-7271;{'None'}
CVE-2013-7270;{'None'}
CVE-2013-7269;{'None'}
CVE-2013-7268;{'None'}
CVE-2013-7267;{'None'}
CVE-2013-7266;{'None'}
CVE-2013-7265;{'None'}
CVE-2013-7264;{'None'}
CVE-2013-7263;{'None'}
CVE-2011-2519;{'None'}
CVE-2013-6376;{'None'}
CVE-2013-6368;{'None'}
CVE-2013-6367;{'None'}
CVE-2013-4587;{'None'}
CVE-2013-7027;{'None'}
CVE-2013-7026;{'None'}
CVE-2013-6432;{'None'}
CVE-2013-6431;{'None'}
CVE-2013-4270;{'None'}
CVE-2013-2930;{'None'}
CVE-2013-2929;{'None'}
CVE-2013-6392;{'None'}
CVE-2013-6383;{'None'}
CVE-2013-6382;{'None'}
CVE-2013-6381;{'None'}
CVE-2013-6380;{'None'}
CVE-2013-6378;{'None'}
CVE-2013-6282;{'None'}
CVE-2013-4592;{'None'}
CVE-2013-4591;{'None'}
CVE-2013-4588;{'None'}
CVE-2013-4579;{'None'}
CVE-2013-4563;{'None'}
CVE-2013-6763;{'None'}
CVE-2013-6122;{'None'}
CVE-2013-4740;{'None'}
CVE-2013-4516;{'None'}
CVE-2013-4515;{'None'}
CVE-2013-4514;{'None'}
CVE-2013-4513;{'None'}
CVE-2013-4512;{'None'}
CVE-2013-4511;{'None'}
CVE-2013-2239;{'None'}
CVE-2013-4483;{'None'}
CVE-2013-4470;{'None'}
CVE-2013-4348;{'None'}
CVE-2013-2058;{'None'}
CVE-2013-4299;{'None'}
CVE-2013-4387;{'None'}
CVE-2013-4345;{'None'}
CVE-2013-4362;{'None'}
CVE-2013-5634;{'None'}
CVE-2013-4350;{'None'}
CVE-2013-4343;{'None'}
CVE-2013-4300;{'None'}
CVE-2013-2140;{'None'}
CVE-2013-1060;{'None'}
CVE-2013-2899;{'None'}
CVE-2013-2897;{'None'}
CVE-2013-2898;{'None'}
CVE-2013-2896;{'None'}
CVE-2013-2894;{'None'}
CVE-2013-2895;{'None'}
CVE-2013-2893;{'None'}
CVE-2013-2892;{'None'}
CVE-2013-2891;{'None'}
CVE-2013-2890;{'None'}
CVE-2013-2889;{'None'}
CVE-2013-2888;{'None'}
CVE-2013-4254;{'None'}
CVE-2013-4247;{'None'}
CVE-2013-4220;{'None'}
CVE-2013-4205;{'None'}
CVE-2013-4163;{'None'}
CVE-2013-4162;{'None'}
CVE-2013-4129;{'None'}
CVE-2013-4127;{'None'}
CVE-2013-2188;{'None'}
CVE-2013-1943;{'None'}
CVE-2013-1935;{'None'}
CVE-2013-4125;{'None'}
CVE-2013-1059;{'None'}
CVE-2013-2237;{'None'}
CVE-2013-2234;{'None'}
CVE-2013-2232;{'None'}
CVE-2013-2224;{'None'}
CVE-2013-2206;{'None'}
CVE-2013-2164;{'None'}
CVE-2011-4348;{'None'}
CVE-2011-4347;{'None'}
CVE-2011-4098;{'None'}
CVE-2011-4087;{'None'}
CVE-2011-3619;{'None'}
CVE-2011-3593;{'None'}
CVE-2011-3347;{'None'}
CVE-2011-2942;{'None'}
CVE-2011-2693;{'None'}
CVE-2011-2482;{'None'}
CVE-2011-1585;{'None'}
CVE-2011-1180;{'None'}
CVE-2013-2852;{'None'}
CVE-2013-2851;{'None'}
CVE-2013-2850;{'None'}
CVE-2013-2148;{'None'}
CVE-2013-2147;{'None'}
CVE-2013-2146;{'None'}
CVE-2013-2141;{'None'}
CVE-2013-2128;{'None'}
CVE-2013-1929;{'None'}
CVE-2011-4604;{'None'}
CVE-2013-2094;{'None'}
CVE-2013-2017;{'None'}
CVE-2013-1979;{'None'}
CVE-2013-1959;{'None'}
CVE-2013-3302;{'None'}
CVE-2013-3301;{'None'}
CVE-2013-2015;{'None'}
CVE-2013-1928;{'None'}
CVE-2013-1958;{'None'}
CVE-2013-1957;{'None'}
CVE-2013-1956;{'None'}
CVE-2013-3237;{'None'}
CVE-2013-3236;{'None'}
CVE-2013-3235;{'None'}
CVE-2013-3234;{'None'}
CVE-2013-3233;{'None'}
CVE-2013-3232;{'None'}
CVE-2013-3231;{'None'}
CVE-2013-3230;{'None'}
CVE-2013-3229;{'None'}
CVE-2013-3228;{'None'}
CVE-2013-3227;{'None'}
CVE-2013-3226;{'None'}
CVE-2013-3225;{'None'}
CVE-2013-3224;{'None'}
CVE-2013-3223;{'None'}
CVE-2013-3222;{'None'}
CVE-2013-3076;{'None'}
CVE-2013-2596;{'None'}
CVE-2013-1858;{'None'}
CVE-2013-2636;{'None'}
CVE-2013-2635;{'None'}
CVE-2013-2634;{'None'}
CVE-2013-1860;{'None'}
CVE-2013-1848;{'None'}
CVE-2013-1828;{'None'}
CVE-2013-1827;{'None'}
CVE-2013-1826;{'None'}
CVE-2013-1798;{'None'}
CVE-2013-1797;{'None'}
CVE-2013-1796;{'None'}
CVE-2013-1792;{'None'}
CVE-2013-0914;{'None'}
CVE-2013-0913;{'None'}
CVE-2013-2548;{'None'}
CVE-2013-2547;{'None'}
CVE-2013-2546;{'None'}
CVE-2012-6549;{'None'}
CVE-2012-6548;{'None'}
CVE-2012-6547;{'None'}
CVE-2012-6546;{'None'}
CVE-2012-6545;{'None'}
CVE-2012-6544;{'None'}
CVE-2012-6543;{'None'}
CVE-2012-6542;{'None'}
CVE-2012-6541;{'None'}
CVE-2012-6540;{'None'}
CVE-2012-6539;{'None'}
CVE-2012-6538;{'None'}
CVE-2012-6537;{'None'}
CVE-2012-6536;{'None'}
CVE-2013-1819;{'None'}
CVE-2013-0228;{'None'}
CVE-2011-3638;{'None'}
CVE-2011-2905;{'None'}
CVE-2011-2491;{'None'}
CVE-2011-2479;{'None'}
CVE-2011-1182;{'None'}
CVE-2011-1019;{'None'}
CVE-2012-1568;{'None'}
CVE-2013-1774;{'None'}
CVE-2013-1773;{'None'}
CVE-2013-1772;{'None'}
CVE-2013-1767;{'None'}
CVE-2013-1763;{'None'}
CVE-2013-0349;{'None'}
CVE-2013-0343;{'None'}
CVE-2012-4542;{'None'}
CVE-2013-0313;{'None'}
CVE-2013-0311;{'None'}
CVE-2013-0310;{'None'}
CVE-2013-0309;{'None'}
CVE-2013-0290;{'None'}
CVE-2012-5375;{'None'}
CVE-2012-5374;{'None'}
CVE-2013-0871;{'None'}
CVE-2013-0268;{'None'}
CVE-2013-0217;{'None'}
CVE-2013-0216;{'None'}
CVE-2013-0160;{'None'}
CVE-2012-4530;{'None'}
CVE-2012-4398;{'None'}
CVE-2013-0231;{'None'}
CVE-2013-0190;{'None'}
CVE-2012-4461;{'None'}
CVE-2012-3364;{'None'}
CVE-2012-2372;{'None'}
CVE-2012-2137;{'None'}
CVE-2012-2119;{'None'}
CVE-2012-5532;{'None'}
CVE-2012-2669;{'None'}
CVE-2012-5517;{'None'}
CVE-2012-4565;{'None'}
CVE-2012-4508;{'None'}
CVE-2012-4444;{'None'}
CVE-2012-0957;{'None'}
CVE-2012-4467;{'None'}
CVE-2012-4453;{'None'}
CVE-2012-3511;{'None'}
CVE-2012-3552;{'None'}
CVE-2012-3520;{'None'}
CVE-2012-3510;{'None'}
CVE-2012-3430;{'None'}
CVE-2012-3412;{'None'}
CVE-2012-3400;{'None'}
CVE-2012-3375;{'None'}
CVE-2011-3209;{'None'}
CVE-2011-1833;{'None'}
CVE-2012-2745;{'None'}
CVE-2012-2744;{'None'}
CVE-2012-2373;{'None'}
CVE-2012-2136;{'None'}
CVE-2012-2133;{'None'}
CVE-2012-2100;{'None'}
CVE-2012-0045;{'None'}
CVE-2011-4127;{'None'}
CVE-2011-4086;{'None'}
CVE-2012-2127;{'None'}
CVE-2012-0028;{'None'}
CVE-2011-4914;{'None'}
CVE-2011-4913;{'None'}
CVE-2011-4324;{'None'}
CVE-2011-1493;{'None'}
CVE-2011-1479;{'None'}
CVE-2011-1477;{'None'}
CVE-2011-1476;{'None'}
CVE-2011-1160;{'None'}
CVE-2011-1080;{'None'}
CVE-2011-1079;{'None'}
CVE-2011-1078;{'None'}
CVE-2011-1023;{'None'}
CVE-2011-1021;{'None'}
CVE-2011-0716;{'None'}
CVE-2011-0006;{'None'}
CVE-2010-4650;{'None'}
CVE-2010-4648;{'None'}
CVE-2010-4250;{'None'}
CVE-2012-1583;{'None'}
CVE-2012-2390;{'None'}
CVE-2012-2384;{'None'}
CVE-2012-2383;{'None'}
CVE-2012-2375;{'None'}
CVE-2012-2313;{'None'}
CVE-2011-2496;{'None'}
CVE-2011-2495;{'None'}
CVE-2011-2494;{'None'}
CVE-2011-2493;{'None'}
CVE-2011-2211;{'None'}
CVE-2011-2210;{'None'}
CVE-2011-2209;{'None'}
CVE-2011-2208;{'None'}
CVE-2011-2183;{'None'}
CVE-2011-2182;{'None'}
CVE-2011-1927;{'None'}
CVE-2011-1768;{'None'}
CVE-2011-1767;{'None'}
CVE-2011-1759;{'None'}
CVE-2011-4081;{'None'}
CVE-2011-4080;{'None'}
CVE-2011-3363;{'None'}
CVE-2011-3359;{'None'}
CVE-2011-3353;{'None'}
CVE-2011-3191;{'None'}
CVE-2011-3188;{'None'}
CVE-2011-2918;{'None'}
CVE-2011-2906;{'None'}
CVE-2011-2898;{'None'}
CVE-2011-2707;{'None'}
CVE-2011-2699;{'None'}
CVE-2011-2521;{'None'}
CVE-2011-2518;{'None'}
CVE-2011-2517;{'None'}
CVE-2012-2319;{'None'}
CVE-2012-2123;{'None'}
CVE-2012-2121;{'None'}
CVE-2012-1601;{'None'}
CVE-2012-1179;{'None'}
CVE-2012-1146;{'None'}
CVE-2012-1097;{'None'}
CVE-2012-1090;{'None'}
CVE-2012-0879;{'None'}
CVE-2012-0207;{'None'}
CVE-2012-0058;{'None'}
CVE-2012-0044;{'None'}
CVE-2012-0038;{'None'}
CVE-2011-4621;{'None'}
CVE-2011-4611;{'None'}
CVE-2011-4594;{'None'}
CVE-2011-4326;{'None'}
CVE-2011-4131;{'None'}
CVE-2011-4112;{'None'}
CVE-2011-4097;{'None'}
CVE-2011-3637;{'None'}
CVE-2010-4563;{'None'}
CVE-2011-2525;{'None'}
CVE-2011-1573;{'None'}
CVE-2012-0056;{'None'}
CVE-2011-4330;{'None'}
CVE-2011-4325;{'None'}
CVE-2011-4132;{'None'}
CVE-2011-4110;{'None'}
CVE-2011-4077;{'None'}
CVE-2011-2203;{'None'}
CVE-2011-1162;{'None'}
CVE-2011-1478;{'None'}
CVE-2011-2189;{'None'}
CVE-2011-1076;{'None'}
CVE-2011-3345;{'None'}
CVE-2011-2724;{'None'}
CVE-2011-2184;{'None'}
CVE-2011-1776;{'None'}
CVE-2011-1771;{'None'}
CVE-2011-2723;{'None'}
CVE-2011-2700;{'None'}
CVE-2011-1576;{'None'}
CVE-2011-2497;{'None'}
CVE-2011-2213;{'None'}
CVE-2011-2928;{'None'}
CVE-2011-2695;{'None'}
CVE-2011-2689;{'None'}
CVE-2011-2492;{'None'}
CVE-2011-1093;{'None'}
CVE-2011-0726;{'None'}
CVE-2010-4656;{'None'}
CVE-2010-4655;{'None'}
CVE-2011-2484;{'None'}
CVE-2011-1770;{'None'}
CVE-2011-2534;{'None'}
CVE-2011-1173;{'None'}
CVE-2011-1172;{'None'}
CVE-2011-1171;{'None'}
CVE-2011-1170;{'None'}
CVE-2011-1581;{'None'}
CVE-2010-4805;{'None'}
CVE-2010-4251;{'None'}
CVE-2011-1748;{'None'}
CVE-2011-1598;{'None'}
CVE-2011-2022;{'None'}
CVE-2011-1747;{'None'}
CVE-2011-1746;{'None'}
CVE-2011-1745;{'None'}
CVE-2011-1090;{'None'}
CVE-2011-1013;{'None'}
CVE-2011-0714;{'None'}
CVE-2011-1593;{'None'}
CVE-2011-1577;{'None'}
CVE-2011-1495;{'None'}
CVE-2011-1494;{'None'}
CVE-2011-1169;{'None'}
CVE-2011-1163;{'None'}
CVE-2011-0463;{'None'}
CVE-2011-1083;{'None'}
CVE-2011-1082;{'None'}
CVE-2011-0695;{'None'}
CVE-2011-1017;{'None'}
CVE-2011-1012;{'None'}
CVE-2011-1010;{'None'}
CVE-2011-0711;{'None'}
CVE-2011-1020;{'None'}
CVE-2011-1016;{'None'}
CVE-2011-0999;{'None'}
CVE-2011-0431;{'None'}
CVE-2011-1044;{'None'}
CVE-2011-0712;{'None'}
CVE-2011-0710;{'None'}
CVE-2011-0709;{'None'}
CVE-2010-4649;{'None'}
CVE-2011-0521;{'None'}
CVE-2010-4256;{'None'}
CVE-2010-4243;{'None'}
CVE-2010-4238;{'None'}
CVE-2010-4263;{'None'}
CVE-2010-3086;{'None'}
CVE-2010-4529;{'None'}
CVE-2010-4527;{'None'}
CVE-2010-4526;{'None'}
CVE-2010-4525;{'None'}
CVE-2010-4247;{'None'}
CVE-2010-4242;{'None'}
CVE-2010-4175;{'None'}
CVE-2010-3865;{'None'}
CVE-2010-4160;{'None'}
CVE-2010-4668;{'None'}
CVE-2010-4164;{'None'}
CVE-2010-4163;{'None'}
CVE-2010-4162;{'None'}
CVE-2010-3877;{'None'}
CVE-2010-3876;{'None'}
CVE-2010-3875;{'None'}
CVE-2010-3873;{'None'}
CVE-2010-3448;{'None'}
CVE-2010-4342;{'None'}
CVE-2010-4258;{'None'}
CVE-2010-4161;{'None'}
CVE-2010-4158;{'None'}
CVE-2010-3850;{'None'}
CVE-2010-3849;{'None'}
CVE-2010-3848;{'None'}
CVE-2010-4565;{'None'}
CVE-2010-4343;{'None'}
CVE-2010-3874;{'None'}
CVE-2010-3859;{'None'}
CVE-2010-3881;{'None'}
CVE-2010-4347;{'None'}
CVE-2010-4346;{'None'}
CVE-2010-4157;{'None'}
CVE-2010-3880;{'None'}
CVE-2010-3861;{'None'}
CVE-2010-3699;{'None'}
CVE-2010-3904;{'None'}
CVE-2010-3066;{'None'}
CVE-2010-4083;{'None'}
CVE-2010-4082;{'None'}
CVE-2010-4081;{'None'}
CVE-2010-4080;{'None'}
CVE-2010-4248;{'None'}
CVE-2010-3858;{'None'}
CVE-2010-4249;{'None'}
CVE-2010-4079;{'None'}
CVE-2010-4078;{'None'}
CVE-2010-4077;{'None'}
CVE-2010-4076;{'None'}
CVE-2010-4075;{'None'}
CVE-2010-4074;{'None'}
CVE-2010-4073;{'None'}
CVE-2010-4072;{'None'}
CVE-2010-3705;{'None'}
CVE-2010-3698;{'None'}
CVE-2010-2963;{'None'}
CVE-2010-2962;{'None'}
CVE-2010-4169;{'None'}
CVE-2010-4165;{'None'}
CVE-2010-3432;{'None'}
CVE-2010-3110;{'None'}
CVE-2010-2938;{'None'}
CVE-2010-2653;{'None'}
CVE-2010-3442;{'None'}
CVE-2010-3437;{'None'}
CVE-2010-3298;{'None'}
CVE-2010-3297;{'None'}
CVE-2010-3296;{'None'}
CVE-2010-3079;{'None'}
CVE-2010-2943;{'None'}
CVE-2010-2538;{'None'}
CVE-2010-2537;{'None'}
CVE-2010-3310;{'None'}
CVE-2010-3084;{'None'}
CVE-2010-2946;{'None'}
CVE-2010-2478;{'None'}
CVE-2010-3081;{'None'}
CVE-2010-3301;{'None'}
CVE-2010-3477;{'None'}
CVE-2010-3080;{'None'}
CVE-2010-3078;{'None'}
CVE-2010-3067;{'None'}
CVE-2010-2942;{'None'}
CVE-2010-2960;{'None'}
CVE-2010-2959;{'None'}
CVE-2010-2955;{'None'}
CVE-2010-2803;{'None'}
CVE-2010-2798;{'None'}
CVE-2010-2524;{'None'}
CVE-2010-2495;{'None'}
CVE-2010-2492;{'None'}
CVE-2010-2066;{'None'}
CVE-2009-4895;{'None'}
CVE-2010-2521;{'None'}
CVE-2010-2248;{'None'}
CVE-2010-2954;{'None'}
CVE-2010-2240;{'None'}
CVE-2010-2226;{'None'}
CVE-2010-3015;{'None'}
CVE-2010-2071;{'None'}
CVE-2010-2070;{'None'}
CVE-2010-1636;{'None'}
CVE-2010-1643;{'None'}
CVE-2008-7256;{'None'}
CVE-2010-1641;{'None'}
CVE-2010-1446;{'None'}
CVE-2010-1436;{'None'}
CVE-2010-0730;{'None'}
CVE-2010-1451;{'None'}
CVE-2010-1437;{'None'}
CVE-2010-1173;{'None'}
CVE-2010-1488;{'None'}
CVE-2010-1162;{'None'}
CVE-2010-1146;{'None'}
CVE-2010-0741;{'None'}
CVE-2010-1148;{'None'}
CVE-2010-0743;{'None'}
CVE-2010-1088;{'None'}
CVE-2010-1087;{'None'}
CVE-2010-1086;{'None'}
CVE-2010-1085;{'None'}
CVE-2010-1084;{'None'}
CVE-2010-1083;{'None'}
CVE-2010-1188;{'None'}
CVE-2010-1187;{'None'}
CVE-2010-0437;{'None'}
CVE-2010-0008;{'None'}
CVE-2009-4271;{'None'}
CVE-2010-0729;{'None'}
CVE-2010-0727;{'None'}
CVE-2007-6733;{'None'}
CVE-2005-4886;{'None'}
CVE-2010-0148;{'None'}
CVE-2010-0410;{'None'}
CVE-2010-0415;{'None'}
CVE-2010-0307;{'None'}
CVE-2010-0623;{'None'}
CVE-2010-0622;{'None'}
CVE-2010-0291;{'None'}
CVE-2010-0297;{'None'}
CVE-2009-4272;{'None'}
CVE-2009-3556;{'None'}
CVE-2010-0006;{'None'}
CVE-2010-0003;{'None'}
CVE-2010-0007;{'None'}
CVE-2009-4141;{'None'}
CVE-2009-4538;{'None'}
CVE-2009-4537;{'None'}
CVE-2009-4536;{'None'}
CVE-2009-4410;{'None'}
CVE-2009-4138;{'None'}
CVE-2009-4308;{'None'}
CVE-2009-4307;{'None'}
CVE-2009-4306;{'None'}
CVE-2009-4131;{'None'}
CVE-2009-1298;{'None'}
CVE-2009-4020;{'None'}
CVE-2009-4027;{'None'}
CVE-2009-4026;{'None'}
CVE-2009-4031;{'None'}
CVE-2009-4021;{'None'}
CVE-2009-3080;{'None'}
CVE-2009-4005;{'None'}
CVE-2009-4004;{'None'}
CVE-2009-3939;{'None'}
CVE-2009-3889;{'None'}
CVE-2009-3888;{'None'}
CVE-2009-3726;{'None'}
CVE-2009-3725;{'None'}
CVE-2009-3547;{'None'}
CVE-2009-3624;{'None'}
CVE-2009-3722;{'None'}
CVE-2009-3623;{'None'}
CVE-2009-3640;{'None'}
CVE-2009-3638;{'None'}
CVE-2009-3621;{'None'}
CVE-2009-3620;{'None'}
CVE-2009-2910;{'None'}
CVE-2009-2909;{'None'}
CVE-2009-3613;{'None'}
CVE-2009-3612;{'None'}
CVE-2009-3228;{'None'}
CVE-2005-4881;{'None'}
CVE-2009-2908;{'None'}
CVE-2009-3290;{'None'}
CVE-2009-3288;{'None'}
CVE-2009-3286;{'None'}
CVE-2009-3280;{'None'}
CVE-2009-3238;{'None'}
CVE-2009-1883;{'None'}
CVE-2009-3234;{'None'}
CVE-2009-2903;{'None'}
CVE-2009-3043;{'None'}
CVE-2009-3002;{'None'}
CVE-2009-3001;{'None'}
CVE-2009-2695;{'None'}
CVE-2009-2698;{'None'}
CVE-2009-2849;{'None'}
CVE-2009-2848;{'None'}
CVE-2009-2847;{'None'}
CVE-2009-2846;{'None'}
CVE-2009-2844;{'None'}
CVE-2009-2768;{'None'}
CVE-2009-2767;{'None'}
CVE-2009-2692;{'None'}
CVE-2009-2691;{'None'}
CVE-2009-2407;{'None'}
CVE-2009-2406;{'None'}
CVE-2009-2584;{'None'}
CVE-2009-1897;{'None'}
CVE-2009-1895;{'None'}
CVE-2009-1388;{'None'}
CVE-2009-2287;{'None'}
CVE-2009-1389;{'None'}
CVE-2009-1961;{'None'}
CVE-2009-1914;{'None'}
CVE-2009-1385;{'None'}
CVE-2009-1633;{'None'}
CVE-2009-1758;{'None'}
CVE-2009-1630;{'None'}
CVE-2009-1527;{'None'}
CVE-2009-1184;{'None'}
CVE-2009-1439;{'None'}
CVE-2009-1192;{'None'}
CVE-2009-1360;{'None'}
CVE-2009-1338;{'None'}
CVE-2009-1337;{'None'}
CVE-2009-1336;{'None'}
CVE-2009-1186;{'None'}
CVE-2009-1185;{'None'}
CVE-2009-1265;{'None'}
CVE-2009-1243;{'None'}
CVE-2009-1242;{'None'}
CVE-2009-1072;{'None'}
CVE-2009-0787;{'None'}
CVE-2009-1046;{'None'}
CVE-2009-0935;{'None'}
CVE-2009-0778;{'None'}
CVE-2009-0859;{'None'}
CVE-2009-0835;{'None'}
CVE-2009-0834;{'None'}
CVE-2009-0748;{'None'}
CVE-2009-0747;{'None'}
CVE-2009-0746;{'None'}
CVE-2009-0745;{'None'}
CVE-2009-0028;{'None'}
CVE-2009-0676;{'None'}
CVE-2009-0675;{'None'}
CVE-2009-0605;{'None'}
CVE-2008-6107;{'None'}
CVE-2009-0322;{'None'}
CVE-2009-0269;{'None'}
CVE-2009-0031;{'None'}
CVE-2008-5916;{'None'}
CVE-2009-0029;{'None'}
CVE-2009-0024;{'None'}
CVE-2008-4307;{'None'}
CVE-2009-0065;{'None'}
CVE-2008-4539;{'None'}
CVE-2008-5713;{'None'}
CVE-2008-5702;{'None'}
CVE-2008-5701;{'None'}
CVE-2008-5700;{'None'}
CVE-2008-5395;{'None'}
CVE-2008-5079;{'None'}
CVE-2008-5300;{'None'}
CVE-2008-5188;{'None'}
CVE-2008-5182;{'None'}
CVE-2008-5134;{'None'}
CVE-2008-5025;{'None'}
CVE-2008-5033;{'None'}
CVE-2008-5029;{'None'}
CVE-2008-4395;{'None'}
CVE-2008-4934;{'None'}
CVE-2008-4933;{'None'}
CVE-2008-3527;{'None'}
CVE-2008-4618;{'None'}
CVE-2008-3831;{'None'}
CVE-2008-4576;{'None'}
CVE-2008-4554;{'None'}
CVE-2008-4445;{'None'}
CVE-2008-4410;{'None'}
CVE-2008-3833;{'None'}
CVE-2008-3832;{'None'}
CVE-2008-4302;{'None'}
CVE-2008-4210;{'None'}
CVE-2008-3528;{'None'}
CVE-2008-4113;{'None'}
CVE-2008-3889;{'None'}
CVE-2008-3915;{'None'}
CVE-2007-6716;{'None'}
CVE-2008-3911;{'None'}
CVE-2008-3525;{'None'}
CVE-2008-3792;{'None'}
CVE-2008-3901;{'None'}
CVE-2008-3526;{'None'}
CVE-2008-3276;{'None'}
CVE-2008-3686;{'None'}
CVE-2008-3275;{'None'}
CVE-2008-3534;{'None'}
CVE-2008-3535;{'None'}
CVE-2008-3272;{'None'}
CVE-2008-3496;{'None'}
CVE-2008-3247;{'None'}
CVE-2008-2931;{'None'}
CVE-2008-2812;{'None'}
CVE-2008-3077;{'None'}
CVE-2008-2372;{'None'}
CVE-2008-2826;{'None'}
CVE-2008-0598;{'None'}
CVE-2008-2729;{'None'}
CVE-2008-2365;{'None'}
CVE-2008-2944;{'None'}
CVE-2008-2750;{'None'}
CVE-2008-1673;{'None'}
CVE-2008-2358;{'None'}
CVE-2008-2137;{'None'}
CVE-2008-2136;{'None'}
CVE-2008-2148;{'None'}
CVE-2007-5001;{'None'}
CVE-2007-5498;{'None'}
CVE-2007-6282;{'None'}
CVE-2008-1615;{'None'}
CVE-2008-1669;{'None'}
CVE-2008-1294;{'None'}
CVE-2008-1375;{'None'}
CVE-2008-1675;{'None'}
CVE-2008-1926;{'None'}
CVE-2007-6712;{'None'}
CVE-2008-1514;{'None'}
CVE-2008-1367;{'None'}
CVE-2008-0009;{'None'}
CVE-2008-0010;{'None'}
CVE-2008-0163;{'None'}
CVE-2008-0600;{'None'}
CVE-2008-0731;{'None'}
CVE-2008-0007;{'None'}
CVE-2007-4130;{'None'}
CVE-2007-6694;{'None'}
CVE-2008-0352;{'None'}
CVE-2008-0001;{'None'}
CVE-2007-4567;{'None'}
CVE-2007-5966;{'None'}
CVE-2007-6434;{'None'}
CVE-2007-6417;{'None'}
CVE-2007-6151;{'None'}
CVE-2007-5938;{'None'}
CVE-2007-6206;{'None'}
CVE-2007-5494;{'None'}
CVE-2007-6063;{'None'}
CVE-2007-5500;{'None'}
CVE-2007-5501;{'None'}
CVE-2006-7229;{'None'}
CVE-2007-5904;{'None'}
CVE-2007-4997;{'None'}
CVE-2007-3850;{'None'}
CVE-2007-4574;{'None'}
CVE-2007-4133;{'None'}
CVE-2007-5191;{'None'}
CVE-2007-5093;{'None'}
CVE-2007-4571;{'None'}
CVE-2007-5087;{'None'}
CVE-2007-4573;{'None'}
CVE-2007-0004;{'None'}
CVE-2007-0997;{'None'}
CVE-2007-1865;{'None'}
CVE-2007-3379;{'None'}
CVE-2007-3731;{'None'}
CVE-2007-3740;{'None'}
CVE-2007-3848;{'None'}
CVE-2007-4308;{'None'}
CVE-2007-4311;{'None'}
CVE-2007-3851;{'None'}
CVE-2007-3843;{'None'}
CVE-2007-3105;{'None'}
CVE-2007-3945;{'None'}
CVE-2007-3380;{'None'}
CVE-2007-3719;{'None'}
CVE-2007-3720;{'None'}
CVE-2007-3107;{'None'}
CVE-2007-3642;{'None'}
CVE-2007-3513;{'None'}
CVE-2007-0773;{'None'}
CVE-2007-2951;{'None'}
CVE-2007-3104;{'None'}
CVE-2007-2453;{'None'}
CVE-2007-2876;{'None'}
CVE-2007-2875;{'None'}
CVE-2007-2451;{'None'}
CVE-2007-2878;{'None'}
CVE-2007-2831;{'None'}
CVE-2007-2764;{'None'}
CVE-2006-7203;{'None'}
CVE-2007-2525;{'None'}
CVE-2007-1861;{'None'}
CVE-2007-2480;{'None'}
CVE-2007-0771;{'None'}
CVE-2007-2242;{'None'}
CVE-2007-1353;{'None'}
CVE-2007-2172;{'None'}
CVE-2007-1357;{'None'}
CVE-2006-7177;{'None'}
CVE-2007-1734;{'None'}
CVE-2007-1730;{'None'}
CVE-2007-1592;{'None'}
CVE-2007-1496;{'None'}
CVE-2007-1497;{'None'}
CVE-2007-1000;{'None'}
CVE-2007-1388;{'None'}
CVE-2007-0005;{'None'}
CVE-2007-0001;{'None'}
CVE-2007-1217;{'None'}
CVE-2006-7051;{'None'}
CVE-2007-0772;{'None'}
CVE-2007-0958;{'None'}
CVE-2007-0822;{'None'}
CVE-2007-0006;{'None'}
CVE-2006-5753;{'None'}
CVE-2006-5754;{'None'}
CVE-2006-6535;{'None'}
CVE-2006-6921;{'None'}
CVE-2006-5749;{'None'}
CVE-2006-5755;{'None'}
CVE-2006-4814;{'None'}
CVE-2006-6655;{'None'}
CVE-2006-6106;{'None'}
CVE-2006-6304;{'None'}
CVE-2006-5648;{'None'}
CVE-2006-5649;{'None'}
CVE-2006-5871;{'None'}
CVE-2006-6333;{'None'}
CVE-2006-5751;{'None'}
CVE-2006-6128;{'None'}
CVE-2006-6053;{'None'}
CVE-2006-6054;{'None'}
CVE-2006-6056;{'None'}
CVE-2006-6057;{'None'}
CVE-2006-6058;{'None'}
CVE-2006-6060;{'None'}
CVE-2006-5461;{'None'}
CVE-2006-5823;{'None'}
CVE-2006-4572;{'None'}
CVE-2006-5757;{'None'}
CVE-2006-5701;{'None'}
CVE-2006-5619;{'None'}
CVE-2006-5173;{'None'}
CVE-2006-4342;{'None'}
CVE-2006-4813;{'None'}
CVE-2006-4997;{'None'}
CVE-2006-5174;{'None'}
CVE-2006-3741;{'None'}
CVE-2006-5158;{'None'}
CVE-2006-4535;{'None'}
CVE-2006-4623;{'None'}
CVE-2006-4663;{'None'}
CVE-2006-4538;{'None'}
CVE-2006-2932;{'None'}
CVE-2006-3745;{'None'}
CVE-2006-4093;{'None'}
CVE-2006-4145;{'None'}
CVE-2006-2446;{'None'}
CVE-2006-3634;{'None'}
CVE-2006-3468;{'None'}
CVE-2006-3626;{'None'}
CVE-2006-2450;{'None'}
CVE-2006-2936;{'None'}
CVE-2006-2451;{'None'}
CVE-2006-2935;{'None'}
CVE-2006-2934;{'None'}
CVE-2006-0456;{'None'}
CVE-2006-2445;{'None'}
CVE-2006-2448;{'None'}
CVE-2006-3085;{'None'}
CVE-2006-2629;{'None'}
CVE-2006-2444;{'None'}
CVE-2006-1862;{'None'}
CVE-2006-1857;{'None'}
CVE-2006-1858;{'None'}
CVE-2006-1856;{'None'}
CVE-2006-0039;{'None'}
CVE-2006-1528;{'None'}
CVE-2006-1855;{'None'}
CVE-2006-1859;{'None'}
CVE-2006-1860;{'None'}
CVE-2006-2274;{'None'}
CVE-2006-2275;{'None'}
CVE-2006-2271;{'None'}
CVE-2006-2272;{'None'}
CVE-2006-1527;{'None'}
CVE-2006-2071;{'None'}
CVE-2006-1863;{'None'}
CVE-2006-1056;{'None'}
CVE-2006-1524;{'None'}
CVE-2006-1525;{'None'}
CVE-2006-0744;{'None'}
CVE-2006-0558;{'None'}
CVE-2006-1523;{'None'}
CVE-2006-1522;{'None'}
CVE-2006-1055;{'None'}
CVE-2006-1066;{'None'}
CVE-2006-1368;{'None'}
CVE-2006-0038;{'None'}
CVE-2006-1342;{'None'}
CVE-2006-1343;{'None'}
CVE-2006-1242;{'None'}
CVE-2006-0457;{'None'}
CVE-2006-0557;{'None'}
CVE-2006-0742;{'None'}
CVE-2006-0554;{'None'}
CVE-2006-0555;{'None'}
CVE-2006-0741;{'None'}
CVE-2006-0454;{'None'}
CVE-2006-0482;{'None'}
CVE-2006-0036;{'None'}
CVE-2006-0037;{'None'}
CVE-2006-0035;{'None'}
CVE-2006-0095;{'None'}
CVE-2006-0096;{'None'}
CVE-2005-0136;{'None'}
CVE-2005-0489;{'None'}
CVE-2005-3356;{'None'}
CVE-2005-3359;{'None'}
CVE-2005-3623;{'None'}
CVE-2005-4347;{'None'}
CVE-2005-4418;{'None'}
CVE-2005-4605;{'None'}
CVE-2005-4618;{'None'}
CVE-2005-4635;{'None'}
CVE-2005-4639;{'None'}
CVE-2005-4798;{'None'}
CVE-2005-4811;{'None'}
CVE-2005-3660;{'None'}
CVE-2005-3358;{'None'}
CVE-2005-3858;{'None'}
CVE-2005-3857;{'None'}
CVE-2005-3847;{'None'}
CVE-2005-3848;{'None'}
CVE-2005-3805;{'None'}
CVE-2005-3806;{'None'}
CVE-2005-3807;{'None'}
CVE-2005-3808;{'None'}
CVE-2005-3809;{'None'}
CVE-2005-3810;{'None'}
CVE-2005-3783;{'None'}
CVE-2005-3784;{'None'}
CVE-2005-3753;{'None'}
CVE-2005-2709;{'None'}
CVE-2005-3527;{'None'}
CVE-2005-2708;{'None'}
CVE-2005-2100;{'None'}
CVE-2005-3271;{'None'}
CVE-2005-3272;{'None'}
CVE-2005-3273;{'None'}
CVE-2005-3274;{'None'}
CVE-2005-3275;{'None'}
CVE-2005-3276;{'None'}
CVE-2005-3257;{'None'}
CVE-2005-3180;{'None'}
CVE-2005-3181;{'None'}
CVE-2005-3119;{'None'}
CVE-2005-3179;{'None'}
CVE-2005-1764;{'None'}
CVE-2005-3107;{'None'}
CVE-2005-3108;{'None'}
CVE-2005-3109;{'None'}
CVE-2005-3053;{'None'}
CVE-2005-3055;{'None'}
CVE-2005-3044;{'None'}
CVE-2005-1913;{'None'}
CVE-2005-2490;{'None'}
CVE-2005-2492;{'None'}
CVE-2005-2872;{'None'}
CVE-2005-2873;{'None'}
CVE-2005-2700;{'None'}
CVE-2005-2800;{'None'}
CVE-2005-2801;{'None'}
CVE-2005-2098;{'None'}
CVE-2005-2099;{'None'}
CVE-2005-2457;{'None'}
CVE-2005-2458;{'None'}
CVE-2005-2459;{'None'}
CVE-2005-2627;{'None'}
CVE-2005-2617;{'None'}
CVE-2005-2555;{'None'}
CVE-2005-2548;{'None'}
CVE-2005-2553;{'None'}
CVE-2005-2500;{'None'}
CVE-2005-1761;{'None'}
CVE-2005-1767;{'None'}
CVE-2005-2456;{'None'}
CVE-2005-1762;{'None'}
CVE-2005-1768;{'None'}
CVE-2005-1265;{'None'}
CVE-2005-1763;{'None'}
CVE-2005-0756;{'None'}
CVE-2005-1765;{'None'}
CVE-2005-1264;{'None'}
CVE-2005-1589;{'None'}
CVE-2005-1263;{'None'}
CVE-2005-0001;{'None'}
CVE-2005-0090;{'None'}
CVE-2005-0091;{'None'}
CVE-2005-0135;{'None'}
CVE-2005-0137;{'None'}
CVE-2005-0204;{'None'}
CVE-2005-0207;{'None'}
CVE-2005-0209;{'None'}
CVE-2005-0210;{'None'}
CVE-2005-0400;{'None'}
CVE-2005-0449;{'None'}
CVE-2005-0529;{'None'}
CVE-2005-0530;{'None'}
CVE-2005-0531;{'None'}
CVE-2005-0532;{'None'}
CVE-2005-0815;{'None'}
CVE-2005-0839;{'None'}
CVE-2005-0867;{'None'}
CVE-2005-0916;{'None'}
CVE-2005-0977;{'None'}
CVE-2005-1041;{'None'}
CVE-2005-1368;{'None'}
CVE-2005-1369;{'None'}
CVE-2004-0812;{'None'}
CVE-2004-1235;{'None'}
CVE-2005-0003;{'None'}
CVE-2005-0124;{'None'}
CVE-2005-0749;{'None'}
CVE-2005-0750;{'None'}
CVE-2005-0384;{'None'}
CVE-2005-0767;{'None'}
CVE-2005-0504;{'None'}
CVE-2005-0736;{'None'}
CVE-2005-0177;{'None'}
CVE-2005-0178;{'None'}
CVE-2005-0179;{'None'}
CVE-2005-0180;{'None'}
CVE-2005-0937;{'None'}
CVE-2005-0092;{'None'}
CVE-2004-0887;{'None'}
CVE-2004-1057;{'None'}
CVE-2004-0883;{'None'}
CVE-2004-0949;{'None'}
CVE-2004-1016;{'None'}
CVE-2004-1056;{'None'}
CVE-2004-1058;{'None'}
CVE-2004-1068;{'None'}
CVE-2004-1069;{'None'}
CVE-2004-1070;{'None'}
CVE-2004-1071;{'None'}
CVE-2004-1072;{'None'}
CVE-2004-1073;{'None'}
CVE-2004-1074;{'None'}
CVE-2004-1137;{'None'}
CVE-2004-1151;{'None'}
CVE-2004-1190;{'None'}
CVE-2004-1191;{'None'}
CVE-2004-0138;{'None'}
CVE-2004-0491;{'None'}
CVE-2004-0592;{'None'}
CVE-2004-0997;{'None'}
CVE-2004-1017;{'None'}
CVE-2004-2013;{'None'}
CVE-2004-2302;{'None'}
CVE-2004-2536;{'None'}
CVE-2004-2607;{'None'}
CVE-2004-2613;{'None'}
CVE-2004-2660;{'None'}
CVE-2004-2731;{'None'}
CVE-2004-0685;{'None'}
CVE-2004-0814;{'None'}
CVE-2004-0816;{'None'}
CVE-2004-1337;{'None'}
CVE-2004-1333;{'None'}
CVE-2004-1334;{'None'}
CVE-2004-1335;{'None'}
CVE-2004-0496;{'None'}
CVE-2004-0497;{'None'}
CVE-2004-0602;{'None'}
CVE-2004-0626;{'None'}
CVE-2004-0415;{'None'}
CVE-2004-0175;{'None'}
CVE-2004-0228;{'None'}
CVE-2004-0229;{'None'}
CVE-2004-0394;{'None'}
CVE-2004-0495;{'None'}
CVE-2004-0535;{'None'}
CVE-2004-0554;{'None'}
CVE-2004-0587;{'None'}
CVE-2004-0596;{'None'}
CVE-2004-0424;{'None'}
CVE-2004-0427;{'None'}
CVE-2004-0482;{'None'}
CVE-2004-0109;{'None'}
CVE-2004-0177;{'None'}
CVE-2004-2135;{'None'}
CVE-2004-1983;{'None'}
CVE-2003-1040;{'None'}
CVE-2004-0075;{'None'}
CVE-2004-0003;{'None'}
CVE-2004-0010;{'None'}
CVE-2004-0077;{'None'}
CVE-2004-2136;{'None'}
CVE-2004-0001;{'None'}
CVE-2003-0985;{'None'}
CVE-2003-0984;{'None'}
CVE-2003-0956;{'None'}
CVE-2003-0959;{'None'}
CVE-2003-0986;{'None'}
CVE-2003-1161;{'None'}
CVE-2003-1288;{'None'}
CVE-2003-0856;{'None'}
CVE-2003-0961;{'None'}
CVE-2003-0464;{'None'}
CVE-2003-0467;{'None'}
CVE-2003-0619;{'None'}
CVE-2003-0465;{'None'}
CVE-2003-0643;{'None'}
CVE-2003-0418;{'None'}
CVE-2003-0246;{'None'}
CVE-2003-0247;{'None'}
CVE-2003-0248;{'None'}
CVE-2003-0364;{'None'}
CVE-2003-0244;{'None'}
CVE-2003-0127;{'None'}
CVE-2003-0018;{'None'}
CVE-2003-0019;{'None'}
CVE-2002-1571;{'None'}
CVE-2002-1572;{'None'}
CVE-2002-1573;{'None'}
CVE-2002-1826;{'None'}
CVE-2002-1963;{'None'}
CVE-2002-1976;{'None'}
CVE-2002-2016;{'None'}
CVE-2002-2254;{'None'}
CVE-2002-1380;{'None'}
CVE-2002-1319;{'None'}
CVE-2002-0429;{'None'}
CVE-2002-0499;{'None'}
CVE-2002-0510;{'None'}
CVE-2002-0570;{'None'}
CVE-2002-0046;{'None'}
CVE-2001-1551;{'None'}
CVE-2001-1572;{'None'}
CVE-2001-0851;{'None'}
CVE-2001-0859;{'None'}
CVE-2001-0914;{'None'}
CVE-2001-0907;{'None'}
CVE-2001-1384;{'None'}
CVE-2001-0268;{'None'}
CVE-2001-0316;{'None'}
CVE-2001-0317;{'None'}
CVE-2001-1390;{'None'}
CVE-2001-1391;{'None'}
CVE-2001-1392;{'None'}
CVE-2001-1393;{'None'}
CVE-2001-1394;{'None'}
CVE-2001-1395;{'None'}
CVE-2001-1396;{'None'}
CVE-2001-1397;{'None'}
CVE-2001-1398;{'None'}
CVE-2001-1399;{'None'}
CVE-2001-1400;{'None'}
CVE-2001-1273;{'None'}
CVE-2000-0867;{'None'}
CVE-2000-0747;{'None'}
CVE-2000-0506;{'None'}
CVE-2000-0344;{'None'}
CVE-2000-0274;{'None'}
CVE-2000-0227;{'None'}
CVE-1999-1339;{'None'}
CVE-1999-1341;{'None'}
CVE-1999-1018;{'None'}
CVE-1999-1166;{'None'}
CVE-1999-0804;{'None'}
CVE-1999-0431;{'None'}
CVE-1999-1406;{'None'}
CVE-1999-1442;{'None'}
CVE-1999-1387;{'None'}
