httpd;/home/hamed/c2c-outputs/httpd.bitnami/httpd.syscall.out
nginx;/home/hamed/c2c-outputs/nginx.zendserver/nginx.syscall.out
lighttpd;/home/hamed/c2c-outputs/lighttpd/lighttpd.syscall.out
smtpd;/home/hamed/c2c-outputs/smtpd/smtpd.syscall.out
memcached;/home/hamed/c2c-outputs/memcached/memcached.syscall.out
wget;/home/hamed/c2c-outputs/wget/wget.syscall.out
tar;/home/hamed/c2c-outputs/tar.czvf/tar.syscall.out
redis;/home/hamed/c2c-outputs/redis/redis.syscall.out
curl;/home/hamed/c2c-outputs/curl/curl.syscall.out
postgres;/home/hamed/c2c-outputs/postgres/postgres.syscall.out
