keyctl, add_key;{'CVE-2015-8539', 'CVE-2017-15274'};{'Denial Of Service', 'Gain privileges'};True;11;redis, mysql, httpd
unshare;{'CVE-2013-1858', 'CVE-2013-4205'};{'Denial Of Service', 'Gain privileges'};True;11;redis, mysql, httpd
inotify_add_watch;{'CVE-2019-9857'};{'Denial Of Service'};False;8;redis, mysql, httpd
inotify_init1;{'CVE-2010-4250'};{'Denial Of Service'};False;9;redis, mysql, httpd
ptrace;{'CVE-2014-9870', 'CVE-2019-13272', 'CVE-2009-1527', 'CVE-2012-1097', 'CVE-2013-0871'};{'Denial Of Service', 'Gain privileges'};True;11;redis, mysql, httpd
keyctl, request_key, add_key;{'CVE-2016-0728', 'CVE-2017-7472'};{'Denial Of Service', 'Overflow', 'Gain privileges'};True;11;redis, mysql, httpd
splice;{'CVE-2009-1961'};{'Denial Of Service'};False;1;logstash
pivot_root;{'CVE-2014-7970'};{'Denial Of Service'};True;15;redis, mysql, httpd
fsetxattr, fremovexattr, lsetxattr, removexattr, lremovexattr, setxattr;{'CVE-2011-1090'};{'Denial Of Service'};False;2;registry, traefik
name_to_handle_at;{'CVE-2012-6549'};{'Obtain Information'};True;13;redis, mysql, httpd
move_pages;{'CVE-2017-14140', 'CVE-2010-0415'};{'Obtain Information', 'Denial Of Service'};True;13;redis, logstash, memcached
perf_event_open;{'CVE-2017-6001'};{'Gain privileges'};True;15;redis, mysql, httpd
rt_tgsigqueueinfo, rt_sigqueueinfo;{'CVE-2011-1182'};set();False;12;redis, mysql, httpd
semctl;{'CVE-2010-4083'};{'Obtain Information'};False;10;redis, memcached, postgres
io_submit;{'CVE-2010-3066'};{'Denial Of Service'};False;13;redis, logstash, memcached
shmctl;{'CVE-2009-0859', 'CVE-2010-4072'};{'Denial Of Service', 'Obtain Information'};False;7;redis, memcached, node
ioprio_get;{'CVE-2016-7911'};{'Denial Of Service', 'Gain privileges'};False;13;redis, mysql, httpd
mq_notify;{'CVE-2017-11176'};{'Denial Of Service'};False;15;redis, mysql, httpd
get_mempolicy;{'CVE-2018-10675'};{'Denial Of Service'};True;12;redis, memcached, httpd
open_by_handle_at;{'CVE-2010-3877'};{'Obtain Information'};True;15;redis, mysql, httpd
keyctl;{'CVE-2016-9604', 'CVE-2017-12192', 'CVE-2015-7550', 'CVE-2009-3624'};{'Denial Of Service', 'Bypass a restriction or similar', 'Gain privileges'};True;12;redis, mysql, httpd
sched_getattr;{'CVE-2014-9903'};{'Obtain Information'};False;15;redis, mysql, httpd
shmget, semget, msgget;{'CVE-2015-7613'};{'Gain privileges'};False;2;redis, telegraf
clock_nanosleep;{'CVE-2018-13053'};{'Overflow'};False;2;registry, traefik
waitid;{'CVE-2017-5123', 'CVE-2017-14954'};{'Obtain Information', 'Bypass a restriction or similar', 'Gain privileges'};False;10;redis, mysql, httpd
set_thread_area;{'CVE-2014-8133'};{'Bypass a restriction or similar'};False;15;redis, mysql, httpd
