CVE-2012-6549;{'__x64_sys_name_to_handle_at'};all;all
CVE-2014-9870;{'__x64_sys_ptrace'};all;all
CVE-2014-7970;{'__x64_sys_pivot_root'};all;all
CVE-2013-1858;{'__x64_sys_unshare'};all;all
CVE-2018-10675;{'__x64_sys_get_mempolicy'};all;all
CVE-2015-7550;{'__x64_sys_keyctl'};all;all
CVE-2015-8539;{'__x64_sys_keyctl', '__x64_sys_add_key'};all;all
CVE-2017-12192;{'__x64_sys_keyctl'};all;all
CVE-2010-0415;{'__x64_sys_move_pages'};all;all
CVE-2009-3624;{'__x64_sys_keyctl'};all;all
CVE-2017-15274;{'__x64_sys_keyctl', '__x64_sys_add_key'};all;all
CVE-2013-0871;{'__x64_sys_ptrace'};all;all
CVE-2019-13272;{'__x64_sys_ptrace'};all;all
CVE-2012-1097;{'__x64_sys_ptrace'};all;all
CVE-2016-0728;{'__x64_sys_keyctl', '__x64_sys_add_key', '__x64_sys_request_key'};all;all
CVE-2016-9604;{'__x64_sys_keyctl'};all;all
CVE-2009-1527;{'__x64_sys_ptrace'};all;all
CVE-2008-2931;{'__x64_sys_mount'};all;all
CVE-2017-7472;{'__x64_sys_keyctl', '__x64_sys_add_key', '__x64_sys_request_key'};all;all
CVE-2014-5207;{'__x64_sys_mount'};all;all
CVE-2010-3877;{'__x64_sys_open_by_handle_at'};all;all
CVE-2014-5206;{'__x64_sys_mount'};all;all
CVE-2017-14140;{'__x64_sys_move_pages'};all;all
CVE-2013-4205;{'__x64_sys_unshare'};all;all
CVE-2017-6001;{'__x64_sys_perf_event_open'};all;all
