CVE-2015-8539;keyctl, add_key;Denial Of Service, Gain privileges;True;11;{'nginx', 'httpd', 'ghost', 'mysql', 'redis', 'memcached', 'logstash', 'traefik', 'node', 'telegraf', 'registry'}
CVE-2013-4205;unshare;Denial Of Service;True;11;{'nginx', 'mariadb', 'mongo', 'httpd', 'postgres', 'mysql', 'redis', 'memcached', 'logstash', 'ghost', 'node'}
CVE-2019-9857;inotify_add_watch;Denial Of Service;False;8;{'nginx', 'mongo', 'httpd', 'mysql', 'redis', 'memcached', 'nextcloud', 'telegraf'}
CVE-2010-4250;inotify_init1;Denial Of Service;False;9;{'nginx', 'mongo', 'httpd', 'mysql', 'redis', 'memcached', 'nextcloud', 'logstash', 'telegraf'}
CVE-2019-13272;ptrace;set();True;11;{'nginx', 'mariadb', 'mongo', 'httpd', 'postgres', 'mysql', 'redis', 'memcached', 'nextcloud', 'ghost', 'node'}
CVE-2017-7472;request_key, keyctl, add_key;Denial Of Service;True;11;{'nginx', 'httpd', 'ghost', 'mysql', 'redis', 'memcached', 'logstash', 'traefik', 'node', 'telegraf', 'registry'}
CVE-2013-0871;ptrace;Gain privileges;True;11;{'nginx', 'mariadb', 'mongo', 'httpd', 'postgres', 'mysql', 'redis', 'memcached', 'nextcloud', 'ghost', 'node'}
CVE-2009-1961;splice;Denial Of Service;False;1;{'logstash'}
CVE-2014-7970;pivot_root;Denial Of Service;True;15;{'nginx', 'mariadb', 'mongo', 'httpd', 'postgres', 'mysql', 'redis', 'memcached', 'nextcloud', 'logstash', 'traefik', 'ghost', 'node', 'telegraf', 'registry'}
CVE-2011-1090;fremovexattr, fsetxattr, setxattr, lsetxattr, removexattr, lremovexattr;Denial Of Service;False;2;{'traefik', 'registry'}
CVE-2012-6549;name_to_handle_at;Obtain Information;True;13;{'nginx', 'mongo', 'httpd', 'ghost', 'mysql', 'redis', 'memcached', 'nextcloud', 'logstash', 'traefik', 'node', 'telegraf', 'registry'}
CVE-2010-0415;move_pages;Denial Of Service;True;13;{'nginx', 'mariadb', 'httpd', 'postgres', 'nextcloud', 'redis', 'memcached', 'logstash', 'ghost', 'traefik', 'node', 'telegraf', 'registry'}
CVE-2017-14140;move_pages;Obtain Information;True;13;{'nginx', 'mariadb', 'httpd', 'postgres', 'nextcloud', 'redis', 'memcached', 'logstash', 'ghost', 'traefik', 'node', 'telegraf', 'registry'}
CVE-2017-6001;perf_event_open;Gain privileges;True;15;{'nginx', 'mariadb', 'mongo', 'httpd', 'postgres', 'mysql', 'redis', 'memcached', 'nextcloud', 'logstash', 'traefik', 'ghost', 'node', 'telegraf', 'registry'}
CVE-2011-1182;rt_sigqueueinfo, rt_tgsigqueueinfo;set();False;12;{'nginx', 'mongo', 'httpd', 'postgres', 'mysql', 'redis', 'memcached', 'nextcloud', 'logstash', 'ghost', 'node', 'telegraf'}
CVE-2010-4083;semctl;Obtain Information;False;11;{'nginx', 'mariadb', 'mongo', 'postgres', 'mysql', 'redis', 'memcached', 'logstash', 'ghost', 'node', 'telegraf'}
CVE-2012-1097;ptrace;Denial Of Service;True;11;{'nginx', 'mariadb', 'mongo', 'httpd', 'postgres', 'mysql', 'redis', 'memcached', 'nextcloud', 'ghost', 'node'}
CVE-2009-1527;ptrace;Gain privileges;True;11;{'nginx', 'mariadb', 'mongo', 'httpd', 'postgres', 'mysql', 'redis', 'memcached', 'nextcloud', 'ghost', 'node'}
CVE-2014-9870;ptrace;Gain privileges;True;11;{'nginx', 'mariadb', 'mongo', 'httpd', 'postgres', 'mysql', 'redis', 'memcached', 'nextcloud', 'ghost', 'node'}
CVE-2010-3066;io_submit;Denial Of Service;False;13;{'nginx', 'mongo', 'httpd', 'postgres', 'nextcloud', 'redis', 'memcached', 'logstash', 'ghost', 'traefik', 'node', 'telegraf', 'registry'}
CVE-2010-4072;shmctl;Obtain Information;False;7;{'nginx', 'mariadb', 'ghost', 'redis', 'memcached', 'node', 'telegraf'}
CVE-2009-0859;shmctl;Denial Of Service;False;7;{'nginx', 'mariadb', 'ghost', 'redis', 'memcached', 'node', 'telegraf'}
CVE-2017-15274;keyctl, add_key;Denial Of Service;True;11;{'nginx', 'httpd', 'ghost', 'mysql', 'redis', 'memcached', 'logstash', 'traefik', 'node', 'telegraf', 'registry'}
CVE-2016-0728;add_key, keyctl, request_key;Overflow, Denial Of Service, Gain privileges;True;11;{'nginx', 'httpd', 'ghost', 'mysql', 'redis', 'memcached', 'logstash', 'traefik', 'node', 'telegraf', 'registry'}
CVE-2016-7911;ioprio_get;Denial Of Service, Gain privileges;False;13;{'nginx', 'mariadb', 'mongo', 'httpd', 'postgres', 'mysql', 'redis', 'memcached', 'nextcloud', 'logstash', 'ghost', 'node', 'telegraf'}
CVE-2017-11176;mq_notify;Denial Of Service;False;15;{'nginx', 'mariadb', 'mongo', 'httpd', 'postgres', 'mysql', 'redis', 'memcached', 'nextcloud', 'logstash', 'traefik', 'ghost', 'node', 'telegraf', 'registry'}
CVE-2018-10675;get_mempolicy;Denial Of Service;True;12;{'nginx', 'mariadb', 'httpd', 'postgres', 'nextcloud', 'redis', 'memcached', 'ghost', 'traefik', 'node', 'telegraf', 'registry'}
CVE-2010-3877;open_by_handle_at;Obtain Information;True;15;{'nginx', 'mariadb', 'mongo', 'httpd', 'postgres', 'mysql', 'redis', 'memcached', 'nextcloud', 'logstash', 'traefik', 'ghost', 'node', 'telegraf', 'registry'}
CVE-2017-12192;keyctl;Denial Of Service;True;12;{'nginx', 'httpd', 'ghost', 'mysql', 'redis', 'memcached', 'nextcloud', 'logstash', 'traefik', 'node', 'telegraf', 'registry'}
CVE-2016-9604;keyctl;Bypass a restriction or similar;True;12;{'nginx', 'httpd', 'ghost', 'mysql', 'redis', 'memcached', 'nextcloud', 'logstash', 'traefik', 'node', 'telegraf', 'registry'}
CVE-2009-3624;keyctl;Denial Of Service, Gain privileges;True;12;{'nginx', 'httpd', 'ghost', 'mysql', 'redis', 'memcached', 'nextcloud', 'logstash', 'traefik', 'node', 'telegraf', 'registry'}
CVE-2015-7550;keyctl;Denial Of Service;True;12;{'nginx', 'httpd', 'ghost', 'mysql', 'redis', 'memcached', 'nextcloud', 'logstash', 'traefik', 'node', 'telegraf', 'registry'}
CVE-2014-9903;sched_getattr;Obtain Information;False;15;{'nginx', 'mariadb', 'mongo', 'httpd', 'postgres', 'mysql', 'redis', 'memcached', 'nextcloud', 'logstash', 'traefik', 'ghost', 'node', 'telegraf', 'registry'}
CVE-2015-7613;msgget, shmget, semget;Gain privileges;False;2;{'redis', 'telegraf'}
CVE-2018-13053;clock_nanosleep;Overflow;False;2;{'traefik', 'registry'}
CVE-2013-1858;unshare;Gain privileges;True;11;{'nginx', 'mariadb', 'mongo', 'httpd', 'postgres', 'mysql', 'redis', 'memcached', 'logstash', 'ghost', 'node'}
CVE-2017-14954;waitid;Bypass a restriction or similar, Obtain Information;False;10;{'nginx', 'mongo', 'httpd', 'ghost', 'mysql', 'redis', 'memcached', 'nextcloud', 'logstash', 'node'}
CVE-2014-8133;set_thread_area;Bypass a restriction or similar;False;15;{'nginx', 'mariadb', 'mongo', 'httpd', 'postgres', 'mysql', 'redis', 'memcached', 'nextcloud', 'logstash', 'traefik', 'ghost', 'node', 'telegraf', 'registry'}
CVE-2017-5123;waitid;Gain privileges;False;10;{'nginx', 'mongo', 'httpd', 'ghost', 'mysql', 'redis', 'memcached', 'nextcloud', 'logstash', 'node'}
