keyctl, add_key;{'CVE-2015-8539', 'CVE-2017-15274'};{'Gain privileges', 'Denial Of Service'};True;13;nginx, mysql, httpd
recvfrom, sendto;{'CVE-2015-2686'};{'Gain privileges'};False;1;logstash
ioctl;{'CVE-2010-3861', 'CVE-2014-4655', 'CVE-2009-0745', 'CVE-2015-5697', 'CVE-2009-4131', 'CVE-2017-7187', 'CVE-2016-4482', 'CVE-2010-4655', 'CVE-2017-14991', 'CVE-2018-10940', 'CVE-2014-4654', 'CVE-2014-4656', 'CVE-2012-6539', 'CVE-2016-6516', 'CVE-2010-2803', 'CVE-2010-2478', 'CVE-2016-5829', 'CVE-2018-18710', 'CVE-2016-4569', 'CVE-2016-0723', 'CVE-2014-4652', 'CVE-2010-2066', 'CVE-2018-16658', 'CVE-2014-4653', 'CVE-2009-1192', 'CVE-2011-4127'};{'Obtain Information', 'Denial Of Service', 'Gain privileges', 'Bypass a restriction or similar', 'Overflow'};False;1;logstash
mount;{'CVE-2008-2931', 'CVE-2014-5206', 'CVE-2014-5207'};{'Denial Of Service', 'Gain privileges', 'Bypass a restriction or similar'};True;14;nginx, mysql, httpd
unshare;{'CVE-2013-1858', 'CVE-2013-4205'};{'Gain privileges', 'Denial Of Service'};True;11;nginx, mysql, httpd
epoll_pwait, epoll_wait, epoll_ctl;{'CVE-2011-1082'};{'Denial Of Service'};False;1;logstash
epoll_ctl;{'CVE-2012-3375'};{'Denial Of Service'};False;1;logstash
inotify_add_watch;{'CVE-2019-9857'};{'Denial Of Service'};False;11;nginx, mysql, httpd
inotify_init1;{'CVE-2010-4250'};{'Denial Of Service'};False;11;nginx, mysql, httpd
ptrace;{'CVE-2012-1097', 'CVE-2014-9870', 'CVE-2009-1527', 'CVE-2013-0871', 'CVE-2019-13272'};{'Gain privileges', 'Denial Of Service'};True;12;nginx, mysql, httpd
keyctl, add_key, request_key;{'CVE-2016-0728', 'CVE-2017-7472'};{'Gain privileges', 'Denial Of Service', 'Overflow'};True;13;nginx, mysql, httpd
splice;{'CVE-2009-1961'};{'Denial Of Service'};False;12;nginx, mysql, httpd
pivot_root;{'CVE-2014-7970'};{'Denial Of Service'};True;15;nginx, mysql, httpd
mprotect;{'CVE-2010-4169'};{'Denial Of Service'};False;2;registry, traefik
fsetxattr, fremovexattr, lsetxattr, setxattr, removexattr, lremovexattr;{'CVE-2011-1090'};{'Denial Of Service'};False;13;nginx, mysql, httpd
name_to_handle_at;{'CVE-2012-6549'};{'Obtain Information'};True;13;nginx, mysql, httpd
move_pages;{'CVE-2010-0415', 'CVE-2017-14140'};{'Obtain Information', 'Denial Of Service'};True;15;nginx, mysql, httpd
perf_event_open;{'CVE-2017-6001'};{'Gain privileges'};True;15;nginx, mysql, httpd
rt_sigqueueinfo, rt_tgsigqueueinfo;{'CVE-2011-1182'};set();False;14;nginx, mysql, httpd
semctl;{'CVE-2010-4083'};{'Obtain Information'};False;13;ghost, memcached, redis
io_submit;{'CVE-2010-3066'};{'Denial Of Service'};False;14;nginx, mysql, httpd
shmctl;{'CVE-2009-0859', 'CVE-2010-4072'};{'Obtain Information', 'Denial Of Service'};False;11;ghost, memcached, redis
ioprio_get;{'CVE-2016-7911'};{'Gain privileges', 'Denial Of Service'};False;15;nginx, mysql, httpd
mq_notify;{'CVE-2017-11176'};{'Denial Of Service'};False;15;nginx, mysql, httpd
get_mempolicy;{'CVE-2018-10675'};{'Denial Of Service'};True;13;nextcloud, ghost, memcached
open_by_handle_at;{'CVE-2010-3877'};{'Obtain Information'};True;15;nginx, mysql, httpd
keyctl;{'CVE-2016-9604', 'CVE-2009-3624', 'CVE-2017-12192', 'CVE-2015-7550'};{'Gain privileges', 'Denial Of Service', 'Bypass a restriction or similar'};True;13;nginx, mysql, httpd
sched_getattr;{'CVE-2014-9903'};{'Obtain Information'};False;15;nginx, mysql, httpd
semget, msgget, shmget;{'CVE-2015-7613'};{'Gain privileges'};False;5;telegraf, logstash, redis
clock_nanosleep;{'CVE-2018-13053'};{'Overflow'};False;4;registry, httpd, logstash
waitid;{'CVE-2017-5123', 'CVE-2017-14954'};{'Gain privileges', 'Obtain Information', 'Bypass a restriction or similar'};False;10;nginx, mysql, httpd
set_thread_area;{'CVE-2014-8133'};{'Bypass a restriction or similar'};False;15;nginx, mysql, httpd
setsockopt;{'CVE-2017-7308', 'CVE-2016-9793', 'CVE-2017-6074', 'CVE-2016-4997', 'CVE-2016-8655'};{'Memory corruption', 'Denial Of Service', 'Gain privileges', 'Overflow'};False;1;logstash
