keyctl, add_key;{'CVE-2015-8539', 'CVE-2017-15274'};{'Denial Of Service', 'Gain privileges'};True;11;nginx, mysql, redis
unshare;{'CVE-2013-1858', 'CVE-2013-4205'};{'Denial Of Service', 'Gain privileges'};True;11;nginx, mysql, redis
inotify_add_watch;{'CVE-2019-9857'};{'Denial Of Service'};False;8;nginx, mysql, redis
inotify_init1;{'CVE-2010-4250'};{'Denial Of Service'};False;9;nginx, mysql, redis
ptrace;{'CVE-2012-1097', 'CVE-2013-0871', 'CVE-2009-1527', 'CVE-2019-13272', 'CVE-2014-9870'};{'Denial Of Service', 'Gain privileges'};True;11;nginx, mysql, redis
request_key, keyctl, add_key;{'CVE-2017-7472'};{'Denial Of Service'};True;11;nginx, mysql, redis
splice;{'CVE-2009-1961'};{'Denial Of Service'};False;1;logstash
pivot_root;{'CVE-2014-7970'};{'Denial Of Service'};True;15;nginx, mysql, redis
fremovexattr, fsetxattr, setxattr, lsetxattr, removexattr, lremovexattr;{'CVE-2011-1090'};{'Denial Of Service'};False;2;traefik, registry
name_to_handle_at;{'CVE-2012-6549'};{'Obtain Information'};True;13;nginx, mysql, redis
move_pages;{'CVE-2010-0415', 'CVE-2017-14140'};{'Obtain Information', 'Denial Of Service'};True;13;nginx, mariadb, httpd
perf_event_open;{'CVE-2017-6001'};{'Gain privileges'};True;15;nginx, mysql, redis
rt_sigqueueinfo, rt_tgsigqueueinfo;{'CVE-2011-1182'};set();False;12;nginx, mysql, redis
semctl;{'CVE-2010-4083'};{'Obtain Information'};False;11;nginx, mariadb, mongo
io_submit;{'CVE-2010-3066'};{'Denial Of Service'};False;13;nginx, httpd, mongo
shmctl;{'CVE-2010-4072', 'CVE-2009-0859'};{'Obtain Information', 'Denial Of Service'};False;7;nginx, ghost, mariadb
add_key, keyctl, request_key;{'CVE-2016-0728'};{'Overflow', 'Denial Of Service', 'Gain privileges'};True;11;nginx, mysql, redis
ioprio_get;{'CVE-2016-7911'};{'Denial Of Service', 'Gain privileges'};False;13;nginx, mysql, redis
mq_notify;{'CVE-2017-11176'};{'Denial Of Service'};False;15;nginx, mysql, redis
get_mempolicy;{'CVE-2018-10675'};{'Denial Of Service'};True;12;nginx, mariadb, httpd
open_by_handle_at;{'CVE-2010-3877'};{'Obtain Information'};True;15;nginx, mysql, redis
keyctl;{'CVE-2016-9604', 'CVE-2015-7550', 'CVE-2009-3624', 'CVE-2017-12192'};{'Bypass a restriction or similar', 'Denial Of Service', 'Gain privileges'};True;12;nginx, mysql, redis
sched_getattr;{'CVE-2014-9903'};{'Obtain Information'};False;15;nginx, mysql, redis
msgget, shmget, semget;{'CVE-2015-7613'};{'Gain privileges'};False;2;redis, telegraf
clock_nanosleep;{'CVE-2018-13053'};{'Overflow'};False;2;traefik, registry
waitid;{'CVE-2017-14954', 'CVE-2017-5123'};{'Bypass a restriction or similar', 'Obtain Information', 'Gain privileges'};False;10;nginx, mysql, redis
set_thread_area;{'CVE-2014-8133'};{'Bypass a restriction or similar'};False;15;nginx, mysql, redis
