CVE-2015-8539;keyctl, add_key;Denial Of Service, Gain privileges;True;11;{'redis', 'logstash', 'memcached', 'httpd', 'node', 'traefik', 'telegraf', 'mysql', 'registry', 'ghost', 'nginx'}
CVE-2013-4205;unshare;Denial Of Service;True;11;{'redis', 'logstash', 'memcached', 'postgres', 'httpd', 'node', 'mysql', 'mariadb', 'ghost', 'nginx', 'mongo'}
CVE-2019-9857;inotify_add_watch;Denial Of Service;False;8;{'redis', 'memcached', 'httpd', 'telegraf', 'mysql', 'nextcloud', 'nginx', 'mongo'}
CVE-2010-4250;inotify_init1;Denial Of Service;False;9;{'redis', 'logstash', 'memcached', 'httpd', 'telegraf', 'mysql', 'nextcloud', 'nginx', 'mongo'}
CVE-2019-13272;ptrace;set();True;11;{'redis', 'memcached', 'postgres', 'httpd', 'node', 'mysql', 'mariadb', 'nextcloud', 'ghost', 'nginx', 'mongo'}
CVE-2017-7472;keyctl, request_key, add_key;Denial Of Service;True;11;{'redis', 'logstash', 'memcached', 'httpd', 'node', 'traefik', 'telegraf', 'mysql', 'registry', 'ghost', 'nginx'}
CVE-2013-0871;ptrace;Gain privileges;True;11;{'redis', 'memcached', 'postgres', 'httpd', 'node', 'mysql', 'mariadb', 'nextcloud', 'ghost', 'nginx', 'mongo'}
CVE-2009-1961;splice;Denial Of Service;False;1;{'logstash'}
CVE-2014-7970;pivot_root;Denial Of Service;True;15;{'redis', 'logstash', 'memcached', 'postgres', 'httpd', 'node', 'traefik', 'telegraf', 'mysql', 'mariadb', 'registry', 'nextcloud', 'ghost', 'nginx', 'mongo'}
CVE-2011-1090;fsetxattr, fremovexattr, lsetxattr, removexattr, lremovexattr, setxattr;Denial Of Service;False;2;{'registry', 'traefik'}
CVE-2012-6549;name_to_handle_at;Obtain Information;True;13;{'redis', 'logstash', 'memcached', 'httpd', 'node', 'traefik', 'telegraf', 'mysql', 'registry', 'nextcloud', 'ghost', 'nginx', 'mongo'}
CVE-2010-0415;move_pages;Denial Of Service;True;13;{'redis', 'logstash', 'memcached', 'httpd', 'postgres', 'node', 'traefik', 'telegraf', 'mariadb', 'registry', 'nextcloud', 'ghost', 'nginx'}
CVE-2017-14140;move_pages;Obtain Information;True;13;{'redis', 'logstash', 'memcached', 'httpd', 'postgres', 'node', 'traefik', 'telegraf', 'mariadb', 'registry', 'nextcloud', 'ghost', 'nginx'}
CVE-2017-6001;perf_event_open;Gain privileges;True;15;{'redis', 'logstash', 'memcached', 'postgres', 'httpd', 'node', 'traefik', 'telegraf', 'mysql', 'mariadb', 'registry', 'nextcloud', 'ghost', 'nginx', 'mongo'}
CVE-2011-1182;rt_tgsigqueueinfo, rt_sigqueueinfo;set();False;12;{'redis', 'logstash', 'memcached', 'postgres', 'httpd', 'node', 'telegraf', 'mysql', 'nextcloud', 'ghost', 'nginx', 'mongo'}
CVE-2010-4083;semctl;Obtain Information;False;10;{'redis', 'memcached', 'postgres', 'node', 'telegraf', 'mysql', 'mariadb', 'ghost', 'nginx', 'mongo'}
CVE-2012-1097;ptrace;Denial Of Service;True;11;{'redis', 'memcached', 'postgres', 'httpd', 'node', 'mysql', 'mariadb', 'nextcloud', 'ghost', 'nginx', 'mongo'}
CVE-2009-1527;ptrace;Gain privileges;True;11;{'redis', 'memcached', 'postgres', 'httpd', 'node', 'mysql', 'mariadb', 'nextcloud', 'ghost', 'nginx', 'mongo'}
CVE-2014-9870;ptrace;Gain privileges;True;11;{'redis', 'memcached', 'postgres', 'httpd', 'node', 'mysql', 'mariadb', 'nextcloud', 'ghost', 'nginx', 'mongo'}
CVE-2010-3066;io_submit;Denial Of Service;False;13;{'redis', 'logstash', 'memcached', 'httpd', 'postgres', 'node', 'traefik', 'telegraf', 'registry', 'nextcloud', 'ghost', 'nginx', 'mongo'}
CVE-2010-4072;shmctl;Obtain Information;False;7;{'redis', 'memcached', 'node', 'telegraf', 'mariadb', 'ghost', 'nginx'}
CVE-2009-0859;shmctl;Denial Of Service;False;7;{'redis', 'memcached', 'node', 'telegraf', 'mariadb', 'ghost', 'nginx'}
CVE-2017-15274;keyctl, add_key;Denial Of Service;True;11;{'redis', 'logstash', 'memcached', 'httpd', 'node', 'traefik', 'telegraf', 'mysql', 'registry', 'ghost', 'nginx'}
CVE-2016-0728;keyctl, request_key, add_key;Denial Of Service, Overflow, Gain privileges;True;11;{'redis', 'logstash', 'memcached', 'httpd', 'node', 'traefik', 'telegraf', 'mysql', 'registry', 'ghost', 'nginx'}
CVE-2016-7911;ioprio_get;Denial Of Service, Gain privileges;False;13;{'redis', 'logstash', 'memcached', 'postgres', 'httpd', 'node', 'telegraf', 'mysql', 'mariadb', 'nextcloud', 'ghost', 'nginx', 'mongo'}
CVE-2017-11176;mq_notify;Denial Of Service;False;15;{'redis', 'logstash', 'memcached', 'postgres', 'httpd', 'node', 'traefik', 'telegraf', 'mysql', 'mariadb', 'registry', 'nextcloud', 'ghost', 'nginx', 'mongo'}
CVE-2018-10675;get_mempolicy;Denial Of Service;True;12;{'redis', 'memcached', 'httpd', 'postgres', 'node', 'traefik', 'telegraf', 'mariadb', 'registry', 'nextcloud', 'ghost', 'nginx'}
CVE-2010-3877;open_by_handle_at;Obtain Information;True;15;{'redis', 'logstash', 'memcached', 'postgres', 'httpd', 'node', 'traefik', 'telegraf', 'mysql', 'mariadb', 'registry', 'nextcloud', 'ghost', 'nginx', 'mongo'}
CVE-2017-12192;keyctl;Denial Of Service;True;12;{'redis', 'logstash', 'memcached', 'httpd', 'node', 'traefik', 'telegraf', 'mysql', 'registry', 'nextcloud', 'ghost', 'nginx'}
CVE-2016-9604;keyctl;Bypass a restriction or similar;True;12;{'redis', 'logstash', 'memcached', 'httpd', 'node', 'traefik', 'telegraf', 'mysql', 'registry', 'nextcloud', 'ghost', 'nginx'}
CVE-2009-3624;keyctl;Denial Of Service, Gain privileges;True;12;{'redis', 'logstash', 'memcached', 'httpd', 'node', 'traefik', 'telegraf', 'mysql', 'registry', 'nextcloud', 'ghost', 'nginx'}
CVE-2015-7550;keyctl;Denial Of Service;True;12;{'redis', 'logstash', 'memcached', 'httpd', 'node', 'traefik', 'telegraf', 'mysql', 'registry', 'nextcloud', 'ghost', 'nginx'}
CVE-2014-9903;sched_getattr;Obtain Information;False;15;{'redis', 'logstash', 'memcached', 'postgres', 'httpd', 'node', 'traefik', 'telegraf', 'mysql', 'mariadb', 'registry', 'nextcloud', 'ghost', 'nginx', 'mongo'}
CVE-2015-7613;shmget, semget, msgget;Gain privileges;False;2;{'redis', 'telegraf'}
CVE-2018-13053;clock_nanosleep;Overflow;False;2;{'registry', 'traefik'}
CVE-2013-1858;unshare;Gain privileges;True;11;{'redis', 'logstash', 'memcached', 'postgres', 'httpd', 'node', 'mysql', 'mariadb', 'ghost', 'nginx', 'mongo'}
CVE-2017-14954;waitid;Obtain Information, Bypass a restriction or similar;False;10;{'redis', 'logstash', 'memcached', 'httpd', 'node', 'mysql', 'nextcloud', 'ghost', 'nginx', 'mongo'}
CVE-2014-8133;set_thread_area;Bypass a restriction or similar;False;15;{'redis', 'logstash', 'memcached', 'postgres', 'httpd', 'node', 'traefik', 'telegraf', 'mysql', 'mariadb', 'registry', 'nextcloud', 'ghost', 'nginx', 'mongo'}
CVE-2017-5123;waitid;Gain privileges;False;10;{'redis', 'logstash', 'memcached', 'httpd', 'node', 'mysql', 'nextcloud', 'ghost', 'nginx', 'mongo'}
